kernel,mode,nnr,ngmt,threads,rep,ms,inputs,lane,alloc
addusxx_g,BaO_nat002,64000,18643,1,0,9.957000,set0,flang-openmp,mimalloc
addusxx_g,BaO_nat002,64000,18643,1,1,9.830000,set0,flang-openmp,mimalloc
addusxx_g,BaO_nat002,64000,18643,1,2,9.892000,set0,flang-openmp,mimalloc
addusxx_g,BaO_nat002,64000,18643,1,3,9.830000,set0,flang-openmp,mimalloc
addusxx_g,BaO_nat002,64000,18643,1,4,9.853000,set0,flang-openmp,mimalloc
addusxx_g,BaO_nat002,64000,18643,1,5,9.867000,set0,flang-openmp,mimalloc
addusxx_g,BaO_nat002,64000,18643,1,6,9.906000,set0,flang-openmp,mimalloc
addusxx_g,BaO_nat002,64000,18643,1,7,9.916000,set0,flang-openmp,mimalloc
addusxx_g,BaO_nat002,64000,18643,1,8,9.843000,set0,flang-openmp,mimalloc
addusxx_g,BaO_nat002,64000,18643,1,9,9.732000,set0,flang-openmp,mimalloc
addusxx_g,BaO_nat002,64000,18643,1,10,9.718000,set0,flang-openmp,mimalloc
addusxx_g,BaO_nat002,64000,18643,1,11,10.091000,set0,flang-openmp,mimalloc
addusxx_g,BaO_nat002,64000,18643,1,12,9.873000,set0,flang-openmp,mimalloc
addusxx_g,BaO_nat002,64000,18643,1,13,9.816000,set0,flang-openmp,mimalloc
addusxx_g,BaO_nat002,64000,18643,1,14,9.837000,set0,flang-openmp,mimalloc
addusxx_g,BaO_nat002,64000,18643,1,15,9.827000,set0,flang-openmp,mimalloc
addusxx_g,BaO_nat002,64000,18643,1,16,9.787000,set0,flang-openmp,mimalloc
addusxx_g,BaO_nat002,64000,18643,1,17,10.031000,set0,flang-openmp,mimalloc
addusxx_g,BaO_nat002,64000,18643,1,18,9.765000,set0,flang-openmp,mimalloc
addusxx_g,BaO_nat002,64000,18643,1,19,9.839000,set0,flang-openmp,mimalloc
addusxx_g,BaO_nat002,64000,18643,2,0,5.178000,set0,flang-openmp,mimalloc
addusxx_g,BaO_nat002,64000,18643,2,1,5.160000,set0,flang-openmp,mimalloc
addusxx_g,BaO_nat002,64000,18643,2,2,5.114000,set0,flang-openmp,mimalloc
addusxx_g,BaO_nat002,64000,18643,2,3,5.112000,set0,flang-openmp,mimalloc
addusxx_g,BaO_nat002,64000,18643,2,4,5.111000,set0,flang-openmp,mimalloc
addusxx_g,BaO_nat002,64000,18643,2,5,5.097000,set0,flang-openmp,mimalloc
addusxx_g,BaO_nat002,64000,18643,2,6,5.071000,set0,flang-openmp,mimalloc
addusxx_g,BaO_nat002,64000,18643,2,7,5.089000,set0,flang-openmp,mimalloc
addusxx_g,BaO_nat002,64000,18643,2,8,5.084000,set0,flang-openmp,mimalloc
addusxx_g,BaO_nat002,64000,18643,2,9,5.038000,set0,flang-openmp,mimalloc
addusxx_g,BaO_nat002,64000,18643,2,10,5.026000,set0,flang-openmp,mimalloc
addusxx_g,BaO_nat002,64000,18643,2,11,5.058000,set0,flang-openmp,mimalloc
addusxx_g,BaO_nat002,64000,18643,2,12,5.046000,set0,flang-openmp,mimalloc
addusxx_g,BaO_nat002,64000,18643,2,13,5.056000,set0,flang-openmp,mimalloc
addusxx_g,BaO_nat002,64000,18643,2,14,5.030000,set0,flang-openmp,mimalloc
addusxx_g,BaO_nat002,64000,18643,2,15,5.014000,set0,flang-openmp,mimalloc
addusxx_g,BaO_nat002,64000,18643,2,16,5.045000,set0,flang-openmp,mimalloc
addusxx_g,BaO_nat002,64000,18643,2,17,4.999000,set0,flang-openmp,mimalloc
addusxx_g,BaO_nat002,64000,18643,2,18,5.000000,set0,flang-openmp,mimalloc
addusxx_g,BaO_nat002,64000,18643,2,19,4.993000,set0,flang-openmp,mimalloc
addusxx_g,BaO_nat002,64000,18643,4,0,2.563000,set0,flang-openmp,mimalloc
addusxx_g,BaO_nat002,64000,18643,4,1,2.550000,set0,flang-openmp,mimalloc
addusxx_g,BaO_nat002,64000,18643,4,2,2.558000,set0,flang-openmp,mimalloc
addusxx_g,BaO_nat002,64000,18643,4,3,2.598000,set0,flang-openmp,mimalloc
addusxx_g,BaO_nat002,64000,18643,4,4,2.535000,set0,flang-openmp,mimalloc
addusxx_g,BaO_nat002,64000,18643,4,5,2.543000,set0,flang-openmp,mimalloc
addusxx_g,BaO_nat002,64000,18643,4,6,2.559000,set0,flang-openmp,mimalloc
addusxx_g,BaO_nat002,64000,18643,4,7,2.553000,set0,flang-openmp,mimalloc
addusxx_g,BaO_nat002,64000,18643,4,8,2.543000,set0,flang-openmp,mimalloc
addusxx_g,BaO_nat002,64000,18643,4,9,2.521000,set0,flang-openmp,mimalloc
addusxx_g,BaO_nat002,64000,18643,4,10,2.565000,set0,flang-openmp,mimalloc
addusxx_g,BaO_nat002,64000,18643,4,11,2.520000,set0,flang-openmp,mimalloc
addusxx_g,BaO_nat002,64000,18643,4,12,2.516000,set0,flang-openmp,mimalloc
addusxx_g,BaO_nat002,64000,18643,4,13,2.539000,set0,flang-openmp,mimalloc
addusxx_g,BaO_nat002,64000,18643,4,14,2.531000,set0,flang-openmp,mimalloc
addusxx_g,BaO_nat002,64000,18643,4,15,2.536000,set0,flang-openmp,mimalloc
addusxx_g,BaO_nat002,64000,18643,4,16,2.545000,set0,flang-openmp,mimalloc
addusxx_g,BaO_nat002,64000,18643,4,17,2.544000,set0,flang-openmp,mimalloc
addusxx_g,BaO_nat002,64000,18643,4,18,2.527000,set0,flang-openmp,mimalloc
addusxx_g,BaO_nat002,64000,18643,4,19,2.530000,set0,flang-openmp,mimalloc
addusxx_g,BaO_nat002,64000,18643,8,0,1.372000,set0,flang-openmp,mimalloc
addusxx_g,BaO_nat002,64000,18643,8,1,1.390000,set0,flang-openmp,mimalloc
addusxx_g,BaO_nat002,64000,18643,8,2,1.374000,set0,flang-openmp,mimalloc
addusxx_g,BaO_nat002,64000,18643,8,3,1.360000,set0,flang-openmp,mimalloc
addusxx_g,BaO_nat002,64000,18643,8,4,1.377000,set0,flang-openmp,mimalloc
addusxx_g,BaO_nat002,64000,18643,8,5,1.396000,set0,flang-openmp,mimalloc
addusxx_g,BaO_nat002,64000,18643,8,6,1.498000,set0,flang-openmp,mimalloc
addusxx_g,BaO_nat002,64000,18643,8,7,1.381000,set0,flang-openmp,mimalloc
addusxx_g,BaO_nat002,64000,18643,8,8,1.362000,set0,flang-openmp,mimalloc
addusxx_g,BaO_nat002,64000,18643,8,9,1.370000,set0,flang-openmp,mimalloc
addusxx_g,BaO_nat002,64000,18643,8,10,1.373000,set0,flang-openmp,mimalloc
addusxx_g,BaO_nat002,64000,18643,8,11,1.367000,set0,flang-openmp,mimalloc
addusxx_g,BaO_nat002,64000,18643,8,12,1.357000,set0,flang-openmp,mimalloc
addusxx_g,BaO_nat002,64000,18643,8,13,1.354000,set0,flang-openmp,mimalloc
addusxx_g,BaO_nat002,64000,18643,8,14,1.360000,set0,flang-openmp,mimalloc
addusxx_g,BaO_nat002,64000,18643,8,15,1.345000,set0,flang-openmp,mimalloc
addusxx_g,BaO_nat002,64000,18643,8,16,1.444000,set0,flang-openmp,mimalloc
addusxx_g,BaO_nat002,64000,18643,8,17,1.373000,set0,flang-openmp,mimalloc
addusxx_g,BaO_nat002,64000,18643,8,18,1.344000,set0,flang-openmp,mimalloc
addusxx_g,BaO_nat002,64000,18643,8,19,1.450000,set0,flang-openmp,mimalloc
addusxx_g,BaO_nat002,64000,18643,16,0,0.726000,set0,flang-openmp,mimalloc
addusxx_g,BaO_nat002,64000,18643,16,1,0.731000,set0,flang-openmp,mimalloc
addusxx_g,BaO_nat002,64000,18643,16,2,0.722000,set0,flang-openmp,mimalloc
addusxx_g,BaO_nat002,64000,18643,16,3,0.721000,set0,flang-openmp,mimalloc
addusxx_g,BaO_nat002,64000,18643,16,4,0.706000,set0,flang-openmp,mimalloc
addusxx_g,BaO_nat002,64000,18643,16,5,0.714000,set0,flang-openmp,mimalloc
addusxx_g,BaO_nat002,64000,18643,16,6,0.714000,set0,flang-openmp,mimalloc
addusxx_g,BaO_nat002,64000,18643,16,7,0.705000,set0,flang-openmp,mimalloc
addusxx_g,BaO_nat002,64000,18643,16,8,0.708000,set0,flang-openmp,mimalloc
addusxx_g,BaO_nat002,64000,18643,16,9,0.711000,set0,flang-openmp,mimalloc
addusxx_g,BaO_nat002,64000,18643,16,10,0.700000,set0,flang-openmp,mimalloc
addusxx_g,BaO_nat002,64000,18643,16,11,0.703000,set0,flang-openmp,mimalloc
addusxx_g,BaO_nat002,64000,18643,16,12,0.791000,set0,flang-openmp,mimalloc
addusxx_g,BaO_nat002,64000,18643,16,13,0.701000,set0,flang-openmp,mimalloc
addusxx_g,BaO_nat002,64000,18643,16,14,0.721000,set0,flang-openmp,mimalloc
addusxx_g,BaO_nat002,64000,18643,16,15,0.704000,set0,flang-openmp,mimalloc
addusxx_g,BaO_nat002,64000,18643,16,16,0.701000,set0,flang-openmp,mimalloc
addusxx_g,BaO_nat002,64000,18643,16,17,0.702000,set0,flang-openmp,mimalloc
addusxx_g,BaO_nat002,64000,18643,16,18,0.708000,set0,flang-openmp,mimalloc
addusxx_g,BaO_nat002,64000,18643,16,19,0.728000,set0,flang-openmp,mimalloc
addusxx_g,BaO_nat002,64000,18643,32,0,0.436000,set0,flang-openmp,mimalloc
addusxx_g,BaO_nat002,64000,18643,32,1,0.440000,set0,flang-openmp,mimalloc
addusxx_g,BaO_nat002,64000,18643,32,2,0.444000,set0,flang-openmp,mimalloc
addusxx_g,BaO_nat002,64000,18643,32,3,0.433000,set0,flang-openmp,mimalloc
addusxx_g,BaO_nat002,64000,18643,32,4,0.439000,set0,flang-openmp,mimalloc
addusxx_g,BaO_nat002,64000,18643,32,5,0.428000,set0,flang-openmp,mimalloc
addusxx_g,BaO_nat002,64000,18643,32,6,0.433000,set0,flang-openmp,mimalloc
addusxx_g,BaO_nat002,64000,18643,32,7,0.492000,set0,flang-openmp,mimalloc
addusxx_g,BaO_nat002,64000,18643,32,8,0.457000,set0,flang-openmp,mimalloc
addusxx_g,BaO_nat002,64000,18643,32,9,0.431000,set0,flang-openmp,mimalloc
addusxx_g,BaO_nat002,64000,18643,32,10,0.430000,set0,flang-openmp,mimalloc
addusxx_g,BaO_nat002,64000,18643,32,11,0.434000,set0,flang-openmp,mimalloc
addusxx_g,BaO_nat002,64000,18643,32,12,0.576000,set0,flang-openmp,mimalloc
addusxx_g,BaO_nat002,64000,18643,32,13,0.430000,set0,flang-openmp,mimalloc
addusxx_g,BaO_nat002,64000,18643,32,14,0.433000,set0,flang-openmp,mimalloc
addusxx_g,BaO_nat002,64000,18643,32,15,0.432000,set0,flang-openmp,mimalloc
addusxx_g,BaO_nat002,64000,18643,32,16,0.428000,set0,flang-openmp,mimalloc
addusxx_g,BaO_nat002,64000,18643,32,17,0.429000,set0,flang-openmp,mimalloc
addusxx_g,BaO_nat002,64000,18643,32,18,0.435000,set0,flang-openmp,mimalloc
addusxx_g,BaO_nat002,64000,18643,32,19,0.427000,set0,flang-openmp,mimalloc
addusxx_g,BaO_nat002,64000,18643,64,0,0.294000,set0,flang-openmp,mimalloc
addusxx_g,BaO_nat002,64000,18643,64,1,1.321000,set0,flang-openmp,mimalloc
addusxx_g,BaO_nat002,64000,18643,64,2,0.301000,set0,flang-openmp,mimalloc
addusxx_g,BaO_nat002,64000,18643,64,3,0.295000,set0,flang-openmp,mimalloc
addusxx_g,BaO_nat002,64000,18643,64,4,0.296000,set0,flang-openmp,mimalloc
addusxx_g,BaO_nat002,64000,18643,64,5,0.298000,set0,flang-openmp,mimalloc
addusxx_g,BaO_nat002,64000,18643,64,6,0.300000,set0,flang-openmp,mimalloc
addusxx_g,BaO_nat002,64000,18643,64,7,0.300000,set0,flang-openmp,mimalloc
addusxx_g,BaO_nat002,64000,18643,64,8,0.326000,set0,flang-openmp,mimalloc
addusxx_g,BaO_nat002,64000,18643,64,9,0.294000,set0,flang-openmp,mimalloc
addusxx_g,BaO_nat002,64000,18643,64,10,0.293000,set0,flang-openmp,mimalloc
addusxx_g,BaO_nat002,64000,18643,64,11,0.290000,set0,flang-openmp,mimalloc
addusxx_g,BaO_nat002,64000,18643,64,12,0.640000,set0,flang-openmp,mimalloc
addusxx_g,BaO_nat002,64000,18643,64,13,0.295000,set0,flang-openmp,mimalloc
addusxx_g,BaO_nat002,64000,18643,64,14,0.401000,set0,flang-openmp,mimalloc
addusxx_g,BaO_nat002,64000,18643,64,15,0.294000,set0,flang-openmp,mimalloc
addusxx_g,BaO_nat002,64000,18643,64,16,0.294000,set0,flang-openmp,mimalloc
addusxx_g,BaO_nat002,64000,18643,64,17,0.293000,set0,flang-openmp,mimalloc
addusxx_g,BaO_nat002,64000,18643,64,18,0.294000,set0,flang-openmp,mimalloc
addusxx_g,BaO_nat002,64000,18643,64,19,0.293000,set0,flang-openmp,mimalloc
addusxx_g,BaO_nat002,64000,18643,72,0,0.299000,set0,flang-openmp,mimalloc
addusxx_g,BaO_nat002,64000,18643,72,1,0.303000,set0,flang-openmp,mimalloc
addusxx_g,BaO_nat002,64000,18643,72,2,0.300000,set0,flang-openmp,mimalloc
addusxx_g,BaO_nat002,64000,18643,72,3,0.299000,set0,flang-openmp,mimalloc
addusxx_g,BaO_nat002,64000,18643,72,4,0.301000,set0,flang-openmp,mimalloc
addusxx_g,BaO_nat002,64000,18643,72,5,0.300000,set0,flang-openmp,mimalloc
addusxx_g,BaO_nat002,64000,18643,72,6,0.305000,set0,flang-openmp,mimalloc
addusxx_g,BaO_nat002,64000,18643,72,7,0.345000,set0,flang-openmp,mimalloc
addusxx_g,BaO_nat002,64000,18643,72,8,0.298000,set0,flang-openmp,mimalloc
addusxx_g,BaO_nat002,64000,18643,72,9,0.297000,set0,flang-openmp,mimalloc
addusxx_g,BaO_nat002,64000,18643,72,10,1.281000,set0,flang-openmp,mimalloc
addusxx_g,BaO_nat002,64000,18643,72,11,0.297000,set0,flang-openmp,mimalloc
addusxx_g,BaO_nat002,64000,18643,72,12,0.338000,set0,flang-openmp,mimalloc
addusxx_g,BaO_nat002,64000,18643,72,13,0.292000,set0,flang-openmp,mimalloc
addusxx_g,BaO_nat002,64000,18643,72,14,0.291000,set0,flang-openmp,mimalloc
addusxx_g,BaO_nat002,64000,18643,72,15,0.310000,set0,flang-openmp,mimalloc
addusxx_g,BaO_nat002,64000,18643,72,16,0.296000,set0,flang-openmp,mimalloc
addusxx_g,BaO_nat002,64000,18643,72,17,0.296000,set0,flang-openmp,mimalloc
addusxx_g,BaO_nat002,64000,18643,72,18,0.521000,set0,flang-openmp,mimalloc
addusxx_g,BaO_nat002,64000,18643,72,19,0.291000,set0,flang-openmp,mimalloc
addusxx_g,BaO_nat002,64000,18643,1,0,9.911000,set1,flang-openmp,mimalloc
addusxx_g,BaO_nat002,64000,18643,1,1,9.887000,set1,flang-openmp,mimalloc
addusxx_g,BaO_nat002,64000,18643,1,2,9.940000,set1,flang-openmp,mimalloc
addusxx_g,BaO_nat002,64000,18643,1,3,9.912000,set1,flang-openmp,mimalloc
addusxx_g,BaO_nat002,64000,18643,1,4,9.855000,set1,flang-openmp,mimalloc
addusxx_g,BaO_nat002,64000,18643,1,5,9.833000,set1,flang-openmp,mimalloc
addusxx_g,BaO_nat002,64000,18643,1,6,9.893000,set1,flang-openmp,mimalloc
addusxx_g,BaO_nat002,64000,18643,1,7,9.805000,set1,flang-openmp,mimalloc
addusxx_g,BaO_nat002,64000,18643,1,8,9.778000,set1,flang-openmp,mimalloc
addusxx_g,BaO_nat002,64000,18643,1,9,9.800000,set1,flang-openmp,mimalloc
addusxx_g,BaO_nat002,64000,18643,1,10,9.853000,set1,flang-openmp,mimalloc
addusxx_g,BaO_nat002,64000,18643,1,11,9.811000,set1,flang-openmp,mimalloc
addusxx_g,BaO_nat002,64000,18643,1,12,9.879000,set1,flang-openmp,mimalloc
addusxx_g,BaO_nat002,64000,18643,1,13,9.866000,set1,flang-openmp,mimalloc
addusxx_g,BaO_nat002,64000,18643,1,14,10.051000,set1,flang-openmp,mimalloc
addusxx_g,BaO_nat002,64000,18643,1,15,9.967000,set1,flang-openmp,mimalloc
addusxx_g,BaO_nat002,64000,18643,1,16,9.878000,set1,flang-openmp,mimalloc
addusxx_g,BaO_nat002,64000,18643,1,17,9.987000,set1,flang-openmp,mimalloc
addusxx_g,BaO_nat002,64000,18643,1,18,10.003000,set1,flang-openmp,mimalloc
addusxx_g,BaO_nat002,64000,18643,1,19,9.993000,set1,flang-openmp,mimalloc
addusxx_g,BaO_nat002,64000,18643,2,0,5.080000,set1,flang-openmp,mimalloc
addusxx_g,BaO_nat002,64000,18643,2,1,4.980000,set1,flang-openmp,mimalloc
addusxx_g,BaO_nat002,64000,18643,2,2,4.962000,set1,flang-openmp,mimalloc
addusxx_g,BaO_nat002,64000,18643,2,3,5.007000,set1,flang-openmp,mimalloc
addusxx_g,BaO_nat002,64000,18643,2,4,4.950000,set1,flang-openmp,mimalloc
addusxx_g,BaO_nat002,64000,18643,2,5,4.955000,set1,flang-openmp,mimalloc
addusxx_g,BaO_nat002,64000,18643,2,6,5.052000,set1,flang-openmp,mimalloc
addusxx_g,BaO_nat002,64000,18643,2,7,4.993000,set1,flang-openmp,mimalloc
addusxx_g,BaO_nat002,64000,18643,2,8,4.954000,set1,flang-openmp,mimalloc
addusxx_g,BaO_nat002,64000,18643,2,9,4.994000,set1,flang-openmp,mimalloc
addusxx_g,BaO_nat002,64000,18643,2,10,4.944000,set1,flang-openmp,mimalloc
addusxx_g,BaO_nat002,64000,18643,2,11,4.957000,set1,flang-openmp,mimalloc
addusxx_g,BaO_nat002,64000,18643,2,12,5.012000,set1,flang-openmp,mimalloc
addusxx_g,BaO_nat002,64000,18643,2,13,4.970000,set1,flang-openmp,mimalloc
addusxx_g,BaO_nat002,64000,18643,2,14,4.958000,set1,flang-openmp,mimalloc
addusxx_g,BaO_nat002,64000,18643,2,15,5.022000,set1,flang-openmp,mimalloc
addusxx_g,BaO_nat002,64000,18643,2,16,4.970000,set1,flang-openmp,mimalloc
addusxx_g,BaO_nat002,64000,18643,2,17,4.997000,set1,flang-openmp,mimalloc
addusxx_g,BaO_nat002,64000,18643,2,18,4.955000,set1,flang-openmp,mimalloc
addusxx_g,BaO_nat002,64000,18643,2,19,4.953000,set1,flang-openmp,mimalloc
addusxx_g,BaO_nat002,64000,18643,4,0,2.567000,set1,flang-openmp,mimalloc
addusxx_g,BaO_nat002,64000,18643,4,1,2.569000,set1,flang-openmp,mimalloc
addusxx_g,BaO_nat002,64000,18643,4,2,2.562000,set1,flang-openmp,mimalloc
addusxx_g,BaO_nat002,64000,18643,4,3,2.568000,set1,flang-openmp,mimalloc
addusxx_g,BaO_nat002,64000,18643,4,4,2.561000,set1,flang-openmp,mimalloc
addusxx_g,BaO_nat002,64000,18643,4,5,2.553000,set1,flang-openmp,mimalloc
addusxx_g,BaO_nat002,64000,18643,4,6,2.536000,set1,flang-openmp,mimalloc
addusxx_g,BaO_nat002,64000,18643,4,7,2.533000,set1,flang-openmp,mimalloc
addusxx_g,BaO_nat002,64000,18643,4,8,2.515000,set1,flang-openmp,mimalloc
addusxx_g,BaO_nat002,64000,18643,4,9,2.522000,set1,flang-openmp,mimalloc
addusxx_g,BaO_nat002,64000,18643,4,10,2.517000,set1,flang-openmp,mimalloc
addusxx_g,BaO_nat002,64000,18643,4,11,2.529000,set1,flang-openmp,mimalloc
addusxx_g,BaO_nat002,64000,18643,4,12,2.584000,set1,flang-openmp,mimalloc
addusxx_g,BaO_nat002,64000,18643,4,13,2.552000,set1,flang-openmp,mimalloc
addusxx_g,BaO_nat002,64000,18643,4,14,2.531000,set1,flang-openmp,mimalloc
addusxx_g,BaO_nat002,64000,18643,4,15,2.566000,set1,flang-openmp,mimalloc
addusxx_g,BaO_nat002,64000,18643,4,16,2.537000,set1,flang-openmp,mimalloc
addusxx_g,BaO_nat002,64000,18643,4,17,2.537000,set1,flang-openmp,mimalloc
addusxx_g,BaO_nat002,64000,18643,4,18,2.531000,set1,flang-openmp,mimalloc
addusxx_g,BaO_nat002,64000,18643,4,19,2.540000,set1,flang-openmp,mimalloc
addusxx_g,BaO_nat002,64000,18643,8,0,1.385000,set1,flang-openmp,mimalloc
addusxx_g,BaO_nat002,64000,18643,8,1,1.362000,set1,flang-openmp,mimalloc
addusxx_g,BaO_nat002,64000,18643,8,2,1.357000,set1,flang-openmp,mimalloc
addusxx_g,BaO_nat002,64000,18643,8,3,1.364000,set1,flang-openmp,mimalloc
addusxx_g,BaO_nat002,64000,18643,8,4,1.350000,set1,flang-openmp,mimalloc
addusxx_g,BaO_nat002,64000,18643,8,5,1.356000,set1,flang-openmp,mimalloc
addusxx_g,BaO_nat002,64000,18643,8,6,1.447000,set1,flang-openmp,mimalloc
addusxx_g,BaO_nat002,64000,18643,8,7,1.342000,set1,flang-openmp,mimalloc
addusxx_g,BaO_nat002,64000,18643,8,8,1.352000,set1,flang-openmp,mimalloc
addusxx_g,BaO_nat002,64000,18643,8,9,1.428000,set1,flang-openmp,mimalloc
addusxx_g,BaO_nat002,64000,18643,8,10,1.352000,set1,flang-openmp,mimalloc
addusxx_g,BaO_nat002,64000,18643,8,11,1.420000,set1,flang-openmp,mimalloc
addusxx_g,BaO_nat002,64000,18643,8,12,1.342000,set1,flang-openmp,mimalloc
addusxx_g,BaO_nat002,64000,18643,8,13,1.462000,set1,flang-openmp,mimalloc
addusxx_g,BaO_nat002,64000,18643,8,14,1.343000,set1,flang-openmp,mimalloc
addusxx_g,BaO_nat002,64000,18643,8,15,1.350000,set1,flang-openmp,mimalloc
addusxx_g,BaO_nat002,64000,18643,8,16,1.357000,set1,flang-openmp,mimalloc
addusxx_g,BaO_nat002,64000,18643,8,17,1.343000,set1,flang-openmp,mimalloc
addusxx_g,BaO_nat002,64000,18643,8,18,1.356000,set1,flang-openmp,mimalloc
addusxx_g,BaO_nat002,64000,18643,8,19,1.337000,set1,flang-openmp,mimalloc
addusxx_g,BaO_nat002,64000,18643,16,0,0.734000,set1,flang-openmp,mimalloc
addusxx_g,BaO_nat002,64000,18643,16,1,0.748000,set1,flang-openmp,mimalloc
addusxx_g,BaO_nat002,64000,18643,16,2,0.699000,set1,flang-openmp,mimalloc
addusxx_g,BaO_nat002,64000,18643,16,3,0.699000,set1,flang-openmp,mimalloc
addusxx_g,BaO_nat002,64000,18643,16,4,0.690000,set1,flang-openmp,mimalloc
addusxx_g,BaO_nat002,64000,18643,16,5,0.694000,set1,flang-openmp,mimalloc
addusxx_g,BaO_nat002,64000,18643,16,6,0.728000,set1,flang-openmp,mimalloc
addusxx_g,BaO_nat002,64000,18643,16,7,0.691000,set1,flang-openmp,mimalloc
addusxx_g,BaO_nat002,64000,18643,16,8,0.708000,set1,flang-openmp,mimalloc
addusxx_g,BaO_nat002,64000,18643,16,9,0.690000,set1,flang-openmp,mimalloc
addusxx_g,BaO_nat002,64000,18643,16,10,0.690000,set1,flang-openmp,mimalloc
addusxx_g,BaO_nat002,64000,18643,16,11,0.689000,set1,flang-openmp,mimalloc
addusxx_g,BaO_nat002,64000,18643,16,12,0.690000,set1,flang-openmp,mimalloc
addusxx_g,BaO_nat002,64000,18643,16,13,0.691000,set1,flang-openmp,mimalloc
addusxx_g,BaO_nat002,64000,18643,16,14,0.734000,set1,flang-openmp,mimalloc
addusxx_g,BaO_nat002,64000,18643,16,15,0.686000,set1,flang-openmp,mimalloc
addusxx_g,BaO_nat002,64000,18643,16,16,0.689000,set1,flang-openmp,mimalloc
addusxx_g,BaO_nat002,64000,18643,16,17,0.703000,set1,flang-openmp,mimalloc
addusxx_g,BaO_nat002,64000,18643,16,18,0.696000,set1,flang-openmp,mimalloc
addusxx_g,BaO_nat002,64000,18643,16,19,0.694000,set1,flang-openmp,mimalloc
addusxx_g,BaO_nat002,64000,18643,32,0,0.432000,set1,flang-openmp,mimalloc
addusxx_g,BaO_nat002,64000,18643,32,1,0.455000,set1,flang-openmp,mimalloc
addusxx_g,BaO_nat002,64000,18643,32,2,0.431000,set1,flang-openmp,mimalloc
addusxx_g,BaO_nat002,64000,18643,32,3,0.430000,set1,flang-openmp,mimalloc
addusxx_g,BaO_nat002,64000,18643,32,4,0.434000,set1,flang-openmp,mimalloc
addusxx_g,BaO_nat002,64000,18643,32,5,0.425000,set1,flang-openmp,mimalloc
addusxx_g,BaO_nat002,64000,18643,32,6,0.461000,set1,flang-openmp,mimalloc
addusxx_g,BaO_nat002,64000,18643,32,7,0.448000,set1,flang-openmp,mimalloc
addusxx_g,BaO_nat002,64000,18643,32,8,0.422000,set1,flang-openmp,mimalloc
addusxx_g,BaO_nat002,64000,18643,32,9,0.430000,set1,flang-openmp,mimalloc
addusxx_g,BaO_nat002,64000,18643,32,10,0.451000,set1,flang-openmp,mimalloc
addusxx_g,BaO_nat002,64000,18643,32,11,0.425000,set1,flang-openmp,mimalloc
addusxx_g,BaO_nat002,64000,18643,32,12,0.468000,set1,flang-openmp,mimalloc
addusxx_g,BaO_nat002,64000,18643,32,13,0.421000,set1,flang-openmp,mimalloc
addusxx_g,BaO_nat002,64000,18643,32,14,0.464000,set1,flang-openmp,mimalloc
addusxx_g,BaO_nat002,64000,18643,32,15,0.424000,set1,flang-openmp,mimalloc
addusxx_g,BaO_nat002,64000,18643,32,16,0.425000,set1,flang-openmp,mimalloc
addusxx_g,BaO_nat002,64000,18643,32,17,0.423000,set1,flang-openmp,mimalloc
addusxx_g,BaO_nat002,64000,18643,32,18,0.431000,set1,flang-openmp,mimalloc
addusxx_g,BaO_nat002,64000,18643,32,19,0.447000,set1,flang-openmp,mimalloc
addusxx_g,BaO_nat002,64000,18643,64,0,0.297000,set1,flang-openmp,mimalloc
addusxx_g,BaO_nat002,64000,18643,64,1,0.298000,set1,flang-openmp,mimalloc
addusxx_g,BaO_nat002,64000,18643,64,2,1.410000,set1,flang-openmp,mimalloc
addusxx_g,BaO_nat002,64000,18643,64,3,0.293000,set1,flang-openmp,mimalloc
addusxx_g,BaO_nat002,64000,18643,64,4,0.332000,set1,flang-openmp,mimalloc
addusxx_g,BaO_nat002,64000,18643,64,5,0.291000,set1,flang-openmp,mimalloc
addusxx_g,BaO_nat002,64000,18643,64,6,0.295000,set1,flang-openmp,mimalloc
addusxx_g,BaO_nat002,64000,18643,64,7,0.380000,set1,flang-openmp,mimalloc
addusxx_g,BaO_nat002,64000,18643,64,8,0.289000,set1,flang-openmp,mimalloc
addusxx_g,BaO_nat002,64000,18643,64,9,0.289000,set1,flang-openmp,mimalloc
addusxx_g,BaO_nat002,64000,18643,64,10,0.290000,set1,flang-openmp,mimalloc
addusxx_g,BaO_nat002,64000,18643,64,11,0.287000,set1,flang-openmp,mimalloc
addusxx_g,BaO_nat002,64000,18643,64,12,0.288000,set1,flang-openmp,mimalloc
addusxx_g,BaO_nat002,64000,18643,64,13,0.290000,set1,flang-openmp,mimalloc
addusxx_g,BaO_nat002,64000,18643,64,14,0.288000,set1,flang-openmp,mimalloc
addusxx_g,BaO_nat002,64000,18643,64,15,0.290000,set1,flang-openmp,mimalloc
addusxx_g,BaO_nat002,64000,18643,64,16,0.291000,set1,flang-openmp,mimalloc
addusxx_g,BaO_nat002,64000,18643,64,17,0.293000,set1,flang-openmp,mimalloc
addusxx_g,BaO_nat002,64000,18643,64,18,0.294000,set1,flang-openmp,mimalloc
addusxx_g,BaO_nat002,64000,18643,64,19,0.381000,set1,flang-openmp,mimalloc
addusxx_g,BaO_nat002,64000,18643,72,0,0.303000,set1,flang-openmp,mimalloc
addusxx_g,BaO_nat002,64000,18643,72,1,0.304000,set1,flang-openmp,mimalloc
addusxx_g,BaO_nat002,64000,18643,72,2,0.335000,set1,flang-openmp,mimalloc
addusxx_g,BaO_nat002,64000,18643,72,3,0.305000,set1,flang-openmp,mimalloc
addusxx_g,BaO_nat002,64000,18643,72,4,0.302000,set1,flang-openmp,mimalloc
addusxx_g,BaO_nat002,64000,18643,72,5,0.301000,set1,flang-openmp,mimalloc
addusxx_g,BaO_nat002,64000,18643,72,6,0.394000,set1,flang-openmp,mimalloc
addusxx_g,BaO_nat002,64000,18643,72,7,0.298000,set1,flang-openmp,mimalloc
addusxx_g,BaO_nat002,64000,18643,72,8,0.556000,set1,flang-openmp,mimalloc
addusxx_g,BaO_nat002,64000,18643,72,9,0.298000,set1,flang-openmp,mimalloc
addusxx_g,BaO_nat002,64000,18643,72,10,0.300000,set1,flang-openmp,mimalloc
addusxx_g,BaO_nat002,64000,18643,72,11,0.298000,set1,flang-openmp,mimalloc
addusxx_g,BaO_nat002,64000,18643,72,12,0.297000,set1,flang-openmp,mimalloc
addusxx_g,BaO_nat002,64000,18643,72,13,0.298000,set1,flang-openmp,mimalloc
addusxx_g,BaO_nat002,64000,18643,72,14,0.301000,set1,flang-openmp,mimalloc
addusxx_g,BaO_nat002,64000,18643,72,15,0.297000,set1,flang-openmp,mimalloc
addusxx_g,BaO_nat002,64000,18643,72,16,0.310000,set1,flang-openmp,mimalloc
addusxx_g,BaO_nat002,64000,18643,72,17,0.302000,set1,flang-openmp,mimalloc
addusxx_g,BaO_nat002,64000,18643,72,18,0.301000,set1,flang-openmp,mimalloc
addusxx_g,BaO_nat002,64000,18643,72,19,0.310000,set1,flang-openmp,mimalloc
addusxx_g,BaTiO3_nat005,64000,27609,1,0,37.774000,set0,flang-openmp,mimalloc
addusxx_g,BaTiO3_nat005,64000,27609,1,1,34.433000,set0,flang-openmp,mimalloc
addusxx_g,BaTiO3_nat005,64000,27609,1,2,34.681000,set0,flang-openmp,mimalloc
addusxx_g,BaTiO3_nat005,64000,27609,1,3,34.873000,set0,flang-openmp,mimalloc
addusxx_g,BaTiO3_nat005,64000,27609,1,4,34.327000,set0,flang-openmp,mimalloc
addusxx_g,BaTiO3_nat005,64000,27609,1,5,34.432000,set0,flang-openmp,mimalloc
addusxx_g,BaTiO3_nat005,64000,27609,1,6,34.740000,set0,flang-openmp,mimalloc
addusxx_g,BaTiO3_nat005,64000,27609,1,7,34.837000,set0,flang-openmp,mimalloc
addusxx_g,BaTiO3_nat005,64000,27609,1,8,34.619000,set0,flang-openmp,mimalloc
addusxx_g,BaTiO3_nat005,64000,27609,1,9,34.737000,set0,flang-openmp,mimalloc
addusxx_g,BaTiO3_nat005,64000,27609,1,10,34.390000,set0,flang-openmp,mimalloc
addusxx_g,BaTiO3_nat005,64000,27609,1,11,35.130000,set0,flang-openmp,mimalloc
addusxx_g,BaTiO3_nat005,64000,27609,1,12,34.472000,set0,flang-openmp,mimalloc
addusxx_g,BaTiO3_nat005,64000,27609,1,13,34.405000,set0,flang-openmp,mimalloc
addusxx_g,BaTiO3_nat005,64000,27609,1,14,34.484000,set0,flang-openmp,mimalloc
addusxx_g,BaTiO3_nat005,64000,27609,1,15,34.427000,set0,flang-openmp,mimalloc
addusxx_g,BaTiO3_nat005,64000,27609,1,16,34.758000,set0,flang-openmp,mimalloc
addusxx_g,BaTiO3_nat005,64000,27609,1,17,34.548000,set0,flang-openmp,mimalloc
addusxx_g,BaTiO3_nat005,64000,27609,1,18,34.602000,set0,flang-openmp,mimalloc
addusxx_g,BaTiO3_nat005,64000,27609,1,19,35.717000,set0,flang-openmp,mimalloc
addusxx_g,BaTiO3_nat005,64000,27609,2,0,19.438000,set0,flang-openmp,mimalloc
addusxx_g,BaTiO3_nat005,64000,27609,2,1,19.195000,set0,flang-openmp,mimalloc
addusxx_g,BaTiO3_nat005,64000,27609,2,2,19.319000,set0,flang-openmp,mimalloc
addusxx_g,BaTiO3_nat005,64000,27609,2,3,19.583000,set0,flang-openmp,mimalloc
addusxx_g,BaTiO3_nat005,64000,27609,2,4,19.427000,set0,flang-openmp,mimalloc
addusxx_g,BaTiO3_nat005,64000,27609,2,5,19.170000,set0,flang-openmp,mimalloc
addusxx_g,BaTiO3_nat005,64000,27609,2,6,19.326000,set0,flang-openmp,mimalloc
addusxx_g,BaTiO3_nat005,64000,27609,2,7,18.929000,set0,flang-openmp,mimalloc
addusxx_g,BaTiO3_nat005,64000,27609,2,8,19.724000,set0,flang-openmp,mimalloc
addusxx_g,BaTiO3_nat005,64000,27609,2,9,19.223000,set0,flang-openmp,mimalloc
addusxx_g,BaTiO3_nat005,64000,27609,2,10,18.859000,set0,flang-openmp,mimalloc
addusxx_g,BaTiO3_nat005,64000,27609,2,11,19.159000,set0,flang-openmp,mimalloc
addusxx_g,BaTiO3_nat005,64000,27609,2,12,19.293000,set0,flang-openmp,mimalloc
addusxx_g,BaTiO3_nat005,64000,27609,2,13,19.185000,set0,flang-openmp,mimalloc
addusxx_g,BaTiO3_nat005,64000,27609,2,14,19.490000,set0,flang-openmp,mimalloc
addusxx_g,BaTiO3_nat005,64000,27609,2,15,19.016000,set0,flang-openmp,mimalloc
addusxx_g,BaTiO3_nat005,64000,27609,2,16,18.843000,set0,flang-openmp,mimalloc
addusxx_g,BaTiO3_nat005,64000,27609,2,17,18.975000,set0,flang-openmp,mimalloc
addusxx_g,BaTiO3_nat005,64000,27609,2,18,19.281000,set0,flang-openmp,mimalloc
addusxx_g,BaTiO3_nat005,64000,27609,2,19,19.454000,set0,flang-openmp,mimalloc
addusxx_g,BaTiO3_nat005,64000,27609,4,0,9.772000,set0,flang-openmp,mimalloc
addusxx_g,BaTiO3_nat005,64000,27609,4,1,9.700000,set0,flang-openmp,mimalloc
addusxx_g,BaTiO3_nat005,64000,27609,4,2,9.577000,set0,flang-openmp,mimalloc
addusxx_g,BaTiO3_nat005,64000,27609,4,3,9.735000,set0,flang-openmp,mimalloc
addusxx_g,BaTiO3_nat005,64000,27609,4,4,9.625000,set0,flang-openmp,mimalloc
addusxx_g,BaTiO3_nat005,64000,27609,4,5,9.618000,set0,flang-openmp,mimalloc
addusxx_g,BaTiO3_nat005,64000,27609,4,6,9.825000,set0,flang-openmp,mimalloc
addusxx_g,BaTiO3_nat005,64000,27609,4,7,9.658000,set0,flang-openmp,mimalloc
addusxx_g,BaTiO3_nat005,64000,27609,4,8,9.635000,set0,flang-openmp,mimalloc
addusxx_g,BaTiO3_nat005,64000,27609,4,9,9.618000,set0,flang-openmp,mimalloc
addusxx_g,BaTiO3_nat005,64000,27609,4,10,9.728000,set0,flang-openmp,mimalloc
addusxx_g,BaTiO3_nat005,64000,27609,4,11,9.642000,set0,flang-openmp,mimalloc
addusxx_g,BaTiO3_nat005,64000,27609,4,12,9.723000,set0,flang-openmp,mimalloc
addusxx_g,BaTiO3_nat005,64000,27609,4,13,9.681000,set0,flang-openmp,mimalloc
addusxx_g,BaTiO3_nat005,64000,27609,4,14,9.575000,set0,flang-openmp,mimalloc
addusxx_g,BaTiO3_nat005,64000,27609,4,15,9.623000,set0,flang-openmp,mimalloc
addusxx_g,BaTiO3_nat005,64000,27609,4,16,9.477000,set0,flang-openmp,mimalloc
addusxx_g,BaTiO3_nat005,64000,27609,4,17,9.759000,set0,flang-openmp,mimalloc
addusxx_g,BaTiO3_nat005,64000,27609,4,18,9.578000,set0,flang-openmp,mimalloc
addusxx_g,BaTiO3_nat005,64000,27609,4,19,9.599000,set0,flang-openmp,mimalloc
addusxx_g,BaTiO3_nat005,64000,27609,8,0,8.501000,set0,flang-openmp,mimalloc
addusxx_g,BaTiO3_nat005,64000,27609,8,1,8.514000,set0,flang-openmp,mimalloc
addusxx_g,BaTiO3_nat005,64000,27609,8,2,8.495000,set0,flang-openmp,mimalloc
addusxx_g,BaTiO3_nat005,64000,27609,8,3,8.405000,set0,flang-openmp,mimalloc
addusxx_g,BaTiO3_nat005,64000,27609,8,4,8.466000,set0,flang-openmp,mimalloc
addusxx_g,BaTiO3_nat005,64000,27609,8,5,8.627000,set0,flang-openmp,mimalloc
addusxx_g,BaTiO3_nat005,64000,27609,8,6,8.476000,set0,flang-openmp,mimalloc
addusxx_g,BaTiO3_nat005,64000,27609,8,7,8.449000,set0,flang-openmp,mimalloc
addusxx_g,BaTiO3_nat005,64000,27609,8,8,8.430000,set0,flang-openmp,mimalloc
addusxx_g,BaTiO3_nat005,64000,27609,8,9,8.453000,set0,flang-openmp,mimalloc
addusxx_g,BaTiO3_nat005,64000,27609,8,10,8.439000,set0,flang-openmp,mimalloc
addusxx_g,BaTiO3_nat005,64000,27609,8,11,8.469000,set0,flang-openmp,mimalloc
addusxx_g,BaTiO3_nat005,64000,27609,8,12,8.414000,set0,flang-openmp,mimalloc
addusxx_g,BaTiO3_nat005,64000,27609,8,13,8.474000,set0,flang-openmp,mimalloc
addusxx_g,BaTiO3_nat005,64000,27609,8,14,8.465000,set0,flang-openmp,mimalloc
addusxx_g,BaTiO3_nat005,64000,27609,8,15,8.468000,set0,flang-openmp,mimalloc
addusxx_g,BaTiO3_nat005,64000,27609,8,16,8.479000,set0,flang-openmp,mimalloc
addusxx_g,BaTiO3_nat005,64000,27609,8,17,8.482000,set0,flang-openmp,mimalloc
addusxx_g,BaTiO3_nat005,64000,27609,8,18,8.452000,set0,flang-openmp,mimalloc
addusxx_g,BaTiO3_nat005,64000,27609,8,19,8.488000,set0,flang-openmp,mimalloc
addusxx_g,BaTiO3_nat005,64000,27609,16,0,2.655000,set0,flang-openmp,mimalloc
addusxx_g,BaTiO3_nat005,64000,27609,16,1,2.606000,set0,flang-openmp,mimalloc
addusxx_g,BaTiO3_nat005,64000,27609,16,2,2.683000,set0,flang-openmp,mimalloc
addusxx_g,BaTiO3_nat005,64000,27609,16,3,2.649000,set0,flang-openmp,mimalloc
addusxx_g,BaTiO3_nat005,64000,27609,16,4,2.644000,set0,flang-openmp,mimalloc
addusxx_g,BaTiO3_nat005,64000,27609,16,5,2.608000,set0,flang-openmp,mimalloc
addusxx_g,BaTiO3_nat005,64000,27609,16,6,2.622000,set0,flang-openmp,mimalloc
addusxx_g,BaTiO3_nat005,64000,27609,16,7,2.624000,set0,flang-openmp,mimalloc
addusxx_g,BaTiO3_nat005,64000,27609,16,8,2.652000,set0,flang-openmp,mimalloc
addusxx_g,BaTiO3_nat005,64000,27609,16,9,2.669000,set0,flang-openmp,mimalloc
addusxx_g,BaTiO3_nat005,64000,27609,16,10,2.650000,set0,flang-openmp,mimalloc
addusxx_g,BaTiO3_nat005,64000,27609,16,11,2.676000,set0,flang-openmp,mimalloc
addusxx_g,BaTiO3_nat005,64000,27609,16,12,2.638000,set0,flang-openmp,mimalloc
addusxx_g,BaTiO3_nat005,64000,27609,16,13,2.701000,set0,flang-openmp,mimalloc
addusxx_g,BaTiO3_nat005,64000,27609,16,14,2.691000,set0,flang-openmp,mimalloc
addusxx_g,BaTiO3_nat005,64000,27609,16,15,2.665000,set0,flang-openmp,mimalloc
addusxx_g,BaTiO3_nat005,64000,27609,16,16,2.664000,set0,flang-openmp,mimalloc
addusxx_g,BaTiO3_nat005,64000,27609,16,17,2.673000,set0,flang-openmp,mimalloc
addusxx_g,BaTiO3_nat005,64000,27609,16,18,2.663000,set0,flang-openmp,mimalloc
addusxx_g,BaTiO3_nat005,64000,27609,16,19,2.647000,set0,flang-openmp,mimalloc
addusxx_g,BaTiO3_nat005,64000,27609,32,0,2.656000,set0,flang-openmp,mimalloc
addusxx_g,BaTiO3_nat005,64000,27609,32,1,2.739000,set0,flang-openmp,mimalloc
addusxx_g,BaTiO3_nat005,64000,27609,32,2,2.617000,set0,flang-openmp,mimalloc
addusxx_g,BaTiO3_nat005,64000,27609,32,3,2.631000,set0,flang-openmp,mimalloc
addusxx_g,BaTiO3_nat005,64000,27609,32,4,2.585000,set0,flang-openmp,mimalloc
addusxx_g,BaTiO3_nat005,64000,27609,32,5,2.455000,set0,flang-openmp,mimalloc
addusxx_g,BaTiO3_nat005,64000,27609,32,6,2.429000,set0,flang-openmp,mimalloc
addusxx_g,BaTiO3_nat005,64000,27609,32,7,2.440000,set0,flang-openmp,mimalloc
addusxx_g,BaTiO3_nat005,64000,27609,32,8,2.421000,set0,flang-openmp,mimalloc
addusxx_g,BaTiO3_nat005,64000,27609,32,9,2.431000,set0,flang-openmp,mimalloc
addusxx_g,BaTiO3_nat005,64000,27609,32,10,2.458000,set0,flang-openmp,mimalloc
addusxx_g,BaTiO3_nat005,64000,27609,32,11,2.392000,set0,flang-openmp,mimalloc
addusxx_g,BaTiO3_nat005,64000,27609,32,12,2.445000,set0,flang-openmp,mimalloc
addusxx_g,BaTiO3_nat005,64000,27609,32,13,2.439000,set0,flang-openmp,mimalloc
addusxx_g,BaTiO3_nat005,64000,27609,32,14,2.428000,set0,flang-openmp,mimalloc
addusxx_g,BaTiO3_nat005,64000,27609,32,15,2.444000,set0,flang-openmp,mimalloc
addusxx_g,BaTiO3_nat005,64000,27609,32,16,2.412000,set0,flang-openmp,mimalloc
addusxx_g,BaTiO3_nat005,64000,27609,32,17,2.408000,set0,flang-openmp,mimalloc
addusxx_g,BaTiO3_nat005,64000,27609,32,18,2.403000,set0,flang-openmp,mimalloc
addusxx_g,BaTiO3_nat005,64000,27609,32,19,2.399000,set0,flang-openmp,mimalloc
addusxx_g,BaTiO3_nat005,64000,27609,64,0,2.266000,set0,flang-openmp,mimalloc
addusxx_g,BaTiO3_nat005,64000,27609,64,1,0.809000,set0,flang-openmp,mimalloc
addusxx_g,BaTiO3_nat005,64000,27609,64,2,0.796000,set0,flang-openmp,mimalloc
addusxx_g,BaTiO3_nat005,64000,27609,64,3,0.788000,set0,flang-openmp,mimalloc
addusxx_g,BaTiO3_nat005,64000,27609,64,4,0.796000,set0,flang-openmp,mimalloc
addusxx_g,BaTiO3_nat005,64000,27609,64,5,0.792000,set0,flang-openmp,mimalloc
addusxx_g,BaTiO3_nat005,64000,27609,64,6,1.822000,set0,flang-openmp,mimalloc
addusxx_g,BaTiO3_nat005,64000,27609,64,7,0.848000,set0,flang-openmp,mimalloc
addusxx_g,BaTiO3_nat005,64000,27609,64,8,0.786000,set0,flang-openmp,mimalloc
addusxx_g,BaTiO3_nat005,64000,27609,64,9,0.805000,set0,flang-openmp,mimalloc
addusxx_g,BaTiO3_nat005,64000,27609,64,10,0.786000,set0,flang-openmp,mimalloc
addusxx_g,BaTiO3_nat005,64000,27609,64,11,0.789000,set0,flang-openmp,mimalloc
addusxx_g,BaTiO3_nat005,64000,27609,64,12,0.804000,set0,flang-openmp,mimalloc
addusxx_g,BaTiO3_nat005,64000,27609,64,13,0.784000,set0,flang-openmp,mimalloc
addusxx_g,BaTiO3_nat005,64000,27609,64,14,0.785000,set0,flang-openmp,mimalloc
addusxx_g,BaTiO3_nat005,64000,27609,64,15,0.791000,set0,flang-openmp,mimalloc
addusxx_g,BaTiO3_nat005,64000,27609,64,16,0.840000,set0,flang-openmp,mimalloc
addusxx_g,BaTiO3_nat005,64000,27609,64,17,0.789000,set0,flang-openmp,mimalloc
addusxx_g,BaTiO3_nat005,64000,27609,64,18,2.042000,set0,flang-openmp,mimalloc
addusxx_g,BaTiO3_nat005,64000,27609,64,19,0.842000,set0,flang-openmp,mimalloc
addusxx_g,BaTiO3_nat005,64000,27609,72,0,0.834000,set0,flang-openmp,mimalloc
addusxx_g,BaTiO3_nat005,64000,27609,72,1,0.875000,set0,flang-openmp,mimalloc
addusxx_g,BaTiO3_nat005,64000,27609,72,2,0.800000,set0,flang-openmp,mimalloc
addusxx_g,BaTiO3_nat005,64000,27609,72,3,0.841000,set0,flang-openmp,mimalloc
addusxx_g,BaTiO3_nat005,64000,27609,72,4,0.806000,set0,flang-openmp,mimalloc
addusxx_g,BaTiO3_nat005,64000,27609,72,5,0.796000,set0,flang-openmp,mimalloc
addusxx_g,BaTiO3_nat005,64000,27609,72,6,0.798000,set0,flang-openmp,mimalloc
addusxx_g,BaTiO3_nat005,64000,27609,72,7,0.792000,set0,flang-openmp,mimalloc
addusxx_g,BaTiO3_nat005,64000,27609,72,8,0.797000,set0,flang-openmp,mimalloc
addusxx_g,BaTiO3_nat005,64000,27609,72,9,0.865000,set0,flang-openmp,mimalloc
addusxx_g,BaTiO3_nat005,64000,27609,72,10,0.788000,set0,flang-openmp,mimalloc
addusxx_g,BaTiO3_nat005,64000,27609,72,11,0.785000,set0,flang-openmp,mimalloc
addusxx_g,BaTiO3_nat005,64000,27609,72,12,0.806000,set0,flang-openmp,mimalloc
addusxx_g,BaTiO3_nat005,64000,27609,72,13,0.796000,set0,flang-openmp,mimalloc
addusxx_g,BaTiO3_nat005,64000,27609,72,14,0.797000,set0,flang-openmp,mimalloc
addusxx_g,BaTiO3_nat005,64000,27609,72,15,0.858000,set0,flang-openmp,mimalloc
addusxx_g,BaTiO3_nat005,64000,27609,72,16,1.843000,set0,flang-openmp,mimalloc
addusxx_g,BaTiO3_nat005,64000,27609,72,17,0.808000,set0,flang-openmp,mimalloc
addusxx_g,BaTiO3_nat005,64000,27609,72,18,0.806000,set0,flang-openmp,mimalloc
addusxx_g,BaTiO3_nat005,64000,27609,72,19,0.790000,set0,flang-openmp,mimalloc
addusxx_g,BaTiO3_nat005,64000,27609,1,0,36.656000,set1,flang-openmp,mimalloc
addusxx_g,BaTiO3_nat005,64000,27609,1,1,36.886000,set1,flang-openmp,mimalloc
addusxx_g,BaTiO3_nat005,64000,27609,1,2,36.020000,set1,flang-openmp,mimalloc
addusxx_g,BaTiO3_nat005,64000,27609,1,3,36.834000,set1,flang-openmp,mimalloc
addusxx_g,BaTiO3_nat005,64000,27609,1,4,36.546000,set1,flang-openmp,mimalloc
addusxx_g,BaTiO3_nat005,64000,27609,1,5,36.403000,set1,flang-openmp,mimalloc
addusxx_g,BaTiO3_nat005,64000,27609,1,6,36.800000,set1,flang-openmp,mimalloc
addusxx_g,BaTiO3_nat005,64000,27609,1,7,36.376000,set1,flang-openmp,mimalloc
addusxx_g,BaTiO3_nat005,64000,27609,1,8,36.531000,set1,flang-openmp,mimalloc
addusxx_g,BaTiO3_nat005,64000,27609,1,9,36.539000,set1,flang-openmp,mimalloc
addusxx_g,BaTiO3_nat005,64000,27609,1,10,36.296000,set1,flang-openmp,mimalloc
addusxx_g,BaTiO3_nat005,64000,27609,1,11,36.068000,set1,flang-openmp,mimalloc
addusxx_g,BaTiO3_nat005,64000,27609,1,12,35.946000,set1,flang-openmp,mimalloc
addusxx_g,BaTiO3_nat005,64000,27609,1,13,36.284000,set1,flang-openmp,mimalloc
addusxx_g,BaTiO3_nat005,64000,27609,1,14,36.419000,set1,flang-openmp,mimalloc
addusxx_g,BaTiO3_nat005,64000,27609,1,15,36.582000,set1,flang-openmp,mimalloc
addusxx_g,BaTiO3_nat005,64000,27609,1,16,36.813000,set1,flang-openmp,mimalloc
addusxx_g,BaTiO3_nat005,64000,27609,1,17,37.020000,set1,flang-openmp,mimalloc
addusxx_g,BaTiO3_nat005,64000,27609,1,18,36.071000,set1,flang-openmp,mimalloc
addusxx_g,BaTiO3_nat005,64000,27609,1,19,36.520000,set1,flang-openmp,mimalloc
addusxx_g,BaTiO3_nat005,64000,27609,2,0,18.785000,set1,flang-openmp,mimalloc
addusxx_g,BaTiO3_nat005,64000,27609,2,1,18.739000,set1,flang-openmp,mimalloc
addusxx_g,BaTiO3_nat005,64000,27609,2,2,18.831000,set1,flang-openmp,mimalloc
addusxx_g,BaTiO3_nat005,64000,27609,2,3,18.595000,set1,flang-openmp,mimalloc
addusxx_g,BaTiO3_nat005,64000,27609,2,4,18.668000,set1,flang-openmp,mimalloc
addusxx_g,BaTiO3_nat005,64000,27609,2,5,18.789000,set1,flang-openmp,mimalloc
addusxx_g,BaTiO3_nat005,64000,27609,2,6,18.545000,set1,flang-openmp,mimalloc
addusxx_g,BaTiO3_nat005,64000,27609,2,7,18.441000,set1,flang-openmp,mimalloc
addusxx_g,BaTiO3_nat005,64000,27609,2,8,18.526000,set1,flang-openmp,mimalloc
addusxx_g,BaTiO3_nat005,64000,27609,2,9,18.486000,set1,flang-openmp,mimalloc
addusxx_g,BaTiO3_nat005,64000,27609,2,10,18.551000,set1,flang-openmp,mimalloc
addusxx_g,BaTiO3_nat005,64000,27609,2,11,18.611000,set1,flang-openmp,mimalloc
addusxx_g,BaTiO3_nat005,64000,27609,2,12,18.614000,set1,flang-openmp,mimalloc
addusxx_g,BaTiO3_nat005,64000,27609,2,13,18.566000,set1,flang-openmp,mimalloc
addusxx_g,BaTiO3_nat005,64000,27609,2,14,18.400000,set1,flang-openmp,mimalloc
addusxx_g,BaTiO3_nat005,64000,27609,2,15,18.448000,set1,flang-openmp,mimalloc
addusxx_g,BaTiO3_nat005,64000,27609,2,16,18.389000,set1,flang-openmp,mimalloc
addusxx_g,BaTiO3_nat005,64000,27609,2,17,18.467000,set1,flang-openmp,mimalloc
addusxx_g,BaTiO3_nat005,64000,27609,2,18,18.485000,set1,flang-openmp,mimalloc
addusxx_g,BaTiO3_nat005,64000,27609,2,19,18.685000,set1,flang-openmp,mimalloc
addusxx_g,BaTiO3_nat005,64000,27609,4,0,9.774000,set1,flang-openmp,mimalloc
addusxx_g,BaTiO3_nat005,64000,27609,4,1,9.707000,set1,flang-openmp,mimalloc
addusxx_g,BaTiO3_nat005,64000,27609,4,2,9.680000,set1,flang-openmp,mimalloc
addusxx_g,BaTiO3_nat005,64000,27609,4,3,9.529000,set1,flang-openmp,mimalloc
addusxx_g,BaTiO3_nat005,64000,27609,4,4,9.638000,set1,flang-openmp,mimalloc
addusxx_g,BaTiO3_nat005,64000,27609,4,5,9.635000,set1,flang-openmp,mimalloc
addusxx_g,BaTiO3_nat005,64000,27609,4,6,9.573000,set1,flang-openmp,mimalloc
addusxx_g,BaTiO3_nat005,64000,27609,4,7,9.584000,set1,flang-openmp,mimalloc
addusxx_g,BaTiO3_nat005,64000,27609,4,8,9.571000,set1,flang-openmp,mimalloc
addusxx_g,BaTiO3_nat005,64000,27609,4,9,9.809000,set1,flang-openmp,mimalloc
addusxx_g,BaTiO3_nat005,64000,27609,4,10,9.626000,set1,flang-openmp,mimalloc
addusxx_g,BaTiO3_nat005,64000,27609,4,11,9.561000,set1,flang-openmp,mimalloc
addusxx_g,BaTiO3_nat005,64000,27609,4,12,9.665000,set1,flang-openmp,mimalloc
addusxx_g,BaTiO3_nat005,64000,27609,4,13,9.723000,set1,flang-openmp,mimalloc
addusxx_g,BaTiO3_nat005,64000,27609,4,14,9.596000,set1,flang-openmp,mimalloc
addusxx_g,BaTiO3_nat005,64000,27609,4,15,9.812000,set1,flang-openmp,mimalloc
addusxx_g,BaTiO3_nat005,64000,27609,4,16,9.839000,set1,flang-openmp,mimalloc
addusxx_g,BaTiO3_nat005,64000,27609,4,17,9.627000,set1,flang-openmp,mimalloc
addusxx_g,BaTiO3_nat005,64000,27609,4,18,9.629000,set1,flang-openmp,mimalloc
addusxx_g,BaTiO3_nat005,64000,27609,4,19,9.583000,set1,flang-openmp,mimalloc
addusxx_g,BaTiO3_nat005,64000,27609,8,0,8.475000,set1,flang-openmp,mimalloc
addusxx_g,BaTiO3_nat005,64000,27609,8,1,8.452000,set1,flang-openmp,mimalloc
addusxx_g,BaTiO3_nat005,64000,27609,8,2,8.463000,set1,flang-openmp,mimalloc
addusxx_g,BaTiO3_nat005,64000,27609,8,3,9.249000,set1,flang-openmp,mimalloc
addusxx_g,BaTiO3_nat005,64000,27609,8,4,8.486000,set1,flang-openmp,mimalloc
addusxx_g,BaTiO3_nat005,64000,27609,8,5,8.516000,set1,flang-openmp,mimalloc
addusxx_g,BaTiO3_nat005,64000,27609,8,6,8.459000,set1,flang-openmp,mimalloc
addusxx_g,BaTiO3_nat005,64000,27609,8,7,8.476000,set1,flang-openmp,mimalloc
addusxx_g,BaTiO3_nat005,64000,27609,8,8,8.433000,set1,flang-openmp,mimalloc
addusxx_g,BaTiO3_nat005,64000,27609,8,9,8.396000,set1,flang-openmp,mimalloc
addusxx_g,BaTiO3_nat005,64000,27609,8,10,8.387000,set1,flang-openmp,mimalloc
addusxx_g,BaTiO3_nat005,64000,27609,8,11,8.438000,set1,flang-openmp,mimalloc
addusxx_g,BaTiO3_nat005,64000,27609,8,12,8.456000,set1,flang-openmp,mimalloc
addusxx_g,BaTiO3_nat005,64000,27609,8,13,8.428000,set1,flang-openmp,mimalloc
addusxx_g,BaTiO3_nat005,64000,27609,8,14,8.473000,set1,flang-openmp,mimalloc
addusxx_g,BaTiO3_nat005,64000,27609,8,15,9.119000,set1,flang-openmp,mimalloc
addusxx_g,BaTiO3_nat005,64000,27609,8,16,8.679000,set1,flang-openmp,mimalloc
addusxx_g,BaTiO3_nat005,64000,27609,8,17,8.560000,set1,flang-openmp,mimalloc
addusxx_g,BaTiO3_nat005,64000,27609,8,18,9.020000,set1,flang-openmp,mimalloc
addusxx_g,BaTiO3_nat005,64000,27609,8,19,9.094000,set1,flang-openmp,mimalloc
addusxx_g,BaTiO3_nat005,64000,27609,16,0,2.689000,set1,flang-openmp,mimalloc
addusxx_g,BaTiO3_nat005,64000,27609,16,1,2.692000,set1,flang-openmp,mimalloc
addusxx_g,BaTiO3_nat005,64000,27609,16,2,2.753000,set1,flang-openmp,mimalloc
addusxx_g,BaTiO3_nat005,64000,27609,16,3,2.698000,set1,flang-openmp,mimalloc
addusxx_g,BaTiO3_nat005,64000,27609,16,4,2.736000,set1,flang-openmp,mimalloc
addusxx_g,BaTiO3_nat005,64000,27609,16,5,2.696000,set1,flang-openmp,mimalloc
addusxx_g,BaTiO3_nat005,64000,27609,16,6,2.702000,set1,flang-openmp,mimalloc
addusxx_g,BaTiO3_nat005,64000,27609,16,7,2.694000,set1,flang-openmp,mimalloc
addusxx_g,BaTiO3_nat005,64000,27609,16,8,2.690000,set1,flang-openmp,mimalloc
addusxx_g,BaTiO3_nat005,64000,27609,16,9,2.782000,set1,flang-openmp,mimalloc
addusxx_g,BaTiO3_nat005,64000,27609,16,10,2.666000,set1,flang-openmp,mimalloc
addusxx_g,BaTiO3_nat005,64000,27609,16,11,2.654000,set1,flang-openmp,mimalloc
addusxx_g,BaTiO3_nat005,64000,27609,16,12,2.657000,set1,flang-openmp,mimalloc
addusxx_g,BaTiO3_nat005,64000,27609,16,13,2.700000,set1,flang-openmp,mimalloc
addusxx_g,BaTiO3_nat005,64000,27609,16,14,2.665000,set1,flang-openmp,mimalloc
addusxx_g,BaTiO3_nat005,64000,27609,16,15,2.663000,set1,flang-openmp,mimalloc
addusxx_g,BaTiO3_nat005,64000,27609,16,16,2.636000,set1,flang-openmp,mimalloc
addusxx_g,BaTiO3_nat005,64000,27609,16,17,2.670000,set1,flang-openmp,mimalloc
addusxx_g,BaTiO3_nat005,64000,27609,16,18,2.680000,set1,flang-openmp,mimalloc
addusxx_g,BaTiO3_nat005,64000,27609,16,19,2.658000,set1,flang-openmp,mimalloc
addusxx_g,BaTiO3_nat005,64000,27609,32,0,2.529000,set1,flang-openmp,mimalloc
addusxx_g,BaTiO3_nat005,64000,27609,32,1,2.486000,set1,flang-openmp,mimalloc
addusxx_g,BaTiO3_nat005,64000,27609,32,2,2.496000,set1,flang-openmp,mimalloc
addusxx_g,BaTiO3_nat005,64000,27609,32,3,2.478000,set1,flang-openmp,mimalloc
addusxx_g,BaTiO3_nat005,64000,27609,32,4,2.502000,set1,flang-openmp,mimalloc
addusxx_g,BaTiO3_nat005,64000,27609,32,5,2.576000,set1,flang-openmp,mimalloc
addusxx_g,BaTiO3_nat005,64000,27609,32,6,2.488000,set1,flang-openmp,mimalloc
addusxx_g,BaTiO3_nat005,64000,27609,32,7,2.538000,set1,flang-openmp,mimalloc
addusxx_g,BaTiO3_nat005,64000,27609,32,8,2.577000,set1,flang-openmp,mimalloc
addusxx_g,BaTiO3_nat005,64000,27609,32,9,2.586000,set1,flang-openmp,mimalloc
addusxx_g,BaTiO3_nat005,64000,27609,32,10,2.590000,set1,flang-openmp,mimalloc
addusxx_g,BaTiO3_nat005,64000,27609,32,11,2.565000,set1,flang-openmp,mimalloc
addusxx_g,BaTiO3_nat005,64000,27609,32,12,2.526000,set1,flang-openmp,mimalloc
addusxx_g,BaTiO3_nat005,64000,27609,32,13,2.447000,set1,flang-openmp,mimalloc
addusxx_g,BaTiO3_nat005,64000,27609,32,14,2.507000,set1,flang-openmp,mimalloc
addusxx_g,BaTiO3_nat005,64000,27609,32,15,2.467000,set1,flang-openmp,mimalloc
addusxx_g,BaTiO3_nat005,64000,27609,32,16,2.540000,set1,flang-openmp,mimalloc
addusxx_g,BaTiO3_nat005,64000,27609,32,17,2.550000,set1,flang-openmp,mimalloc
addusxx_g,BaTiO3_nat005,64000,27609,32,18,2.540000,set1,flang-openmp,mimalloc
addusxx_g,BaTiO3_nat005,64000,27609,32,19,2.547000,set1,flang-openmp,mimalloc
addusxx_g,BaTiO3_nat005,64000,27609,64,0,0.797000,set1,flang-openmp,mimalloc
addusxx_g,BaTiO3_nat005,64000,27609,64,1,1.325000,set1,flang-openmp,mimalloc
addusxx_g,BaTiO3_nat005,64000,27609,64,2,0.811000,set1,flang-openmp,mimalloc
addusxx_g,BaTiO3_nat005,64000,27609,64,3,1.303000,set1,flang-openmp,mimalloc
addusxx_g,BaTiO3_nat005,64000,27609,64,4,0.803000,set1,flang-openmp,mimalloc
addusxx_g,BaTiO3_nat005,64000,27609,64,5,0.795000,set1,flang-openmp,mimalloc
addusxx_g,BaTiO3_nat005,64000,27609,64,6,0.801000,set1,flang-openmp,mimalloc
addusxx_g,BaTiO3_nat005,64000,27609,64,7,2.114000,set1,flang-openmp,mimalloc
addusxx_g,BaTiO3_nat005,64000,27609,64,8,0.834000,set1,flang-openmp,mimalloc
addusxx_g,BaTiO3_nat005,64000,27609,64,9,0.800000,set1,flang-openmp,mimalloc
addusxx_g,BaTiO3_nat005,64000,27609,64,10,0.795000,set1,flang-openmp,mimalloc
addusxx_g,BaTiO3_nat005,64000,27609,64,11,0.796000,set1,flang-openmp,mimalloc
addusxx_g,BaTiO3_nat005,64000,27609,64,12,0.805000,set1,flang-openmp,mimalloc
addusxx_g,BaTiO3_nat005,64000,27609,64,13,0.804000,set1,flang-openmp,mimalloc
addusxx_g,BaTiO3_nat005,64000,27609,64,14,0.793000,set1,flang-openmp,mimalloc
addusxx_g,BaTiO3_nat005,64000,27609,64,15,0.796000,set1,flang-openmp,mimalloc
addusxx_g,BaTiO3_nat005,64000,27609,64,16,0.788000,set1,flang-openmp,mimalloc
addusxx_g,BaTiO3_nat005,64000,27609,64,17,1.951000,set1,flang-openmp,mimalloc
addusxx_g,BaTiO3_nat005,64000,27609,64,18,0.809000,set1,flang-openmp,mimalloc
addusxx_g,BaTiO3_nat005,64000,27609,64,19,0.804000,set1,flang-openmp,mimalloc
addusxx_g,BaTiO3_nat005,64000,27609,72,0,0.937000,set1,flang-openmp,mimalloc
addusxx_g,BaTiO3_nat005,64000,27609,72,1,0.799000,set1,flang-openmp,mimalloc
addusxx_g,BaTiO3_nat005,64000,27609,72,2,0.943000,set1,flang-openmp,mimalloc
addusxx_g,BaTiO3_nat005,64000,27609,72,3,0.797000,set1,flang-openmp,mimalloc
addusxx_g,BaTiO3_nat005,64000,27609,72,4,0.956000,set1,flang-openmp,mimalloc
addusxx_g,BaTiO3_nat005,64000,27609,72,5,0.807000,set1,flang-openmp,mimalloc
addusxx_g,BaTiO3_nat005,64000,27609,72,6,0.851000,set1,flang-openmp,mimalloc
addusxx_g,BaTiO3_nat005,64000,27609,72,7,0.813000,set1,flang-openmp,mimalloc
addusxx_g,BaTiO3_nat005,64000,27609,72,8,0.893000,set1,flang-openmp,mimalloc
addusxx_g,BaTiO3_nat005,64000,27609,72,9,0.810000,set1,flang-openmp,mimalloc
addusxx_g,BaTiO3_nat005,64000,27609,72,10,0.817000,set1,flang-openmp,mimalloc
addusxx_g,BaTiO3_nat005,64000,27609,72,11,0.798000,set1,flang-openmp,mimalloc
addusxx_g,BaTiO3_nat005,64000,27609,72,12,0.807000,set1,flang-openmp,mimalloc
addusxx_g,BaTiO3_nat005,64000,27609,72,13,0.808000,set1,flang-openmp,mimalloc
addusxx_g,BaTiO3_nat005,64000,27609,72,14,0.832000,set1,flang-openmp,mimalloc
addusxx_g,BaTiO3_nat005,64000,27609,72,15,0.801000,set1,flang-openmp,mimalloc
addusxx_g,BaTiO3_nat005,64000,27609,72,16,0.797000,set1,flang-openmp,mimalloc
addusxx_g,BaTiO3_nat005,64000,27609,72,17,0.802000,set1,flang-openmp,mimalloc
addusxx_g,BaTiO3_nat005,64000,27609,72,18,0.800000,set1,flang-openmp,mimalloc
addusxx_g,BaTiO3_nat005,64000,27609,72,19,0.794000,set1,flang-openmp,mimalloc
addusxx_g,BaO_nat002,64000,18643,1,0,7.605000,set0,original-openmp,mimalloc
addusxx_g,BaO_nat002,64000,18643,1,1,7.806000,set0,original-openmp,mimalloc
addusxx_g,BaO_nat002,64000,18643,1,2,7.596000,set0,original-openmp,mimalloc
addusxx_g,BaO_nat002,64000,18643,1,3,7.663000,set0,original-openmp,mimalloc
addusxx_g,BaO_nat002,64000,18643,1,4,7.611000,set0,original-openmp,mimalloc
addusxx_g,BaO_nat002,64000,18643,1,5,7.625000,set0,original-openmp,mimalloc
addusxx_g,BaO_nat002,64000,18643,1,6,7.602000,set0,original-openmp,mimalloc
addusxx_g,BaO_nat002,64000,18643,1,7,7.534000,set0,original-openmp,mimalloc
addusxx_g,BaO_nat002,64000,18643,1,8,7.582000,set0,original-openmp,mimalloc
addusxx_g,BaO_nat002,64000,18643,1,9,7.566000,set0,original-openmp,mimalloc
addusxx_g,BaO_nat002,64000,18643,1,10,7.609000,set0,original-openmp,mimalloc
addusxx_g,BaO_nat002,64000,18643,1,11,7.692000,set0,original-openmp,mimalloc
addusxx_g,BaO_nat002,64000,18643,1,12,7.538000,set0,original-openmp,mimalloc
addusxx_g,BaO_nat002,64000,18643,1,13,7.603000,set0,original-openmp,mimalloc
addusxx_g,BaO_nat002,64000,18643,1,14,7.627000,set0,original-openmp,mimalloc
addusxx_g,BaO_nat002,64000,18643,1,15,7.580000,set0,original-openmp,mimalloc
addusxx_g,BaO_nat002,64000,18643,1,16,7.698000,set0,original-openmp,mimalloc
addusxx_g,BaO_nat002,64000,18643,1,17,7.537000,set0,original-openmp,mimalloc
addusxx_g,BaO_nat002,64000,18643,1,18,7.551000,set0,original-openmp,mimalloc
addusxx_g,BaO_nat002,64000,18643,1,19,7.525000,set0,original-openmp,mimalloc
addusxx_g,BaO_nat002,64000,18643,2,0,3.850000,set0,original-openmp,mimalloc
addusxx_g,BaO_nat002,64000,18643,2,1,3.844000,set0,original-openmp,mimalloc
addusxx_g,BaO_nat002,64000,18643,2,2,3.827000,set0,original-openmp,mimalloc
addusxx_g,BaO_nat002,64000,18643,2,3,3.844000,set0,original-openmp,mimalloc
addusxx_g,BaO_nat002,64000,18643,2,4,3.813000,set0,original-openmp,mimalloc
addusxx_g,BaO_nat002,64000,18643,2,5,3.845000,set0,original-openmp,mimalloc
addusxx_g,BaO_nat002,64000,18643,2,6,3.803000,set0,original-openmp,mimalloc
addusxx_g,BaO_nat002,64000,18643,2,7,3.810000,set0,original-openmp,mimalloc
addusxx_g,BaO_nat002,64000,18643,2,8,3.800000,set0,original-openmp,mimalloc
addusxx_g,BaO_nat002,64000,18643,2,9,3.924000,set0,original-openmp,mimalloc
addusxx_g,BaO_nat002,64000,18643,2,10,3.819000,set0,original-openmp,mimalloc
addusxx_g,BaO_nat002,64000,18643,2,11,3.898000,set0,original-openmp,mimalloc
addusxx_g,BaO_nat002,64000,18643,2,12,3.991000,set0,original-openmp,mimalloc
addusxx_g,BaO_nat002,64000,18643,2,13,3.894000,set0,original-openmp,mimalloc
addusxx_g,BaO_nat002,64000,18643,2,14,3.810000,set0,original-openmp,mimalloc
addusxx_g,BaO_nat002,64000,18643,2,15,3.830000,set0,original-openmp,mimalloc
addusxx_g,BaO_nat002,64000,18643,2,16,3.919000,set0,original-openmp,mimalloc
addusxx_g,BaO_nat002,64000,18643,2,17,3.811000,set0,original-openmp,mimalloc
addusxx_g,BaO_nat002,64000,18643,2,18,3.931000,set0,original-openmp,mimalloc
addusxx_g,BaO_nat002,64000,18643,2,19,3.822000,set0,original-openmp,mimalloc
addusxx_g,BaO_nat002,64000,18643,4,0,2.008000,set0,original-openmp,mimalloc
addusxx_g,BaO_nat002,64000,18643,4,1,2.095000,set0,original-openmp,mimalloc
addusxx_g,BaO_nat002,64000,18643,4,2,1.990000,set0,original-openmp,mimalloc
addusxx_g,BaO_nat002,64000,18643,4,3,2.009000,set0,original-openmp,mimalloc
addusxx_g,BaO_nat002,64000,18643,4,4,2.060000,set0,original-openmp,mimalloc
addusxx_g,BaO_nat002,64000,18643,4,5,1.976000,set0,original-openmp,mimalloc
addusxx_g,BaO_nat002,64000,18643,4,6,1.966000,set0,original-openmp,mimalloc
addusxx_g,BaO_nat002,64000,18643,4,7,1.966000,set0,original-openmp,mimalloc
addusxx_g,BaO_nat002,64000,18643,4,8,1.965000,set0,original-openmp,mimalloc
addusxx_g,BaO_nat002,64000,18643,4,9,2.075000,set0,original-openmp,mimalloc
addusxx_g,BaO_nat002,64000,18643,4,10,1.961000,set0,original-openmp,mimalloc
addusxx_g,BaO_nat002,64000,18643,4,11,1.964000,set0,original-openmp,mimalloc
addusxx_g,BaO_nat002,64000,18643,4,12,1.955000,set0,original-openmp,mimalloc
addusxx_g,BaO_nat002,64000,18643,4,13,1.958000,set0,original-openmp,mimalloc
addusxx_g,BaO_nat002,64000,18643,4,14,2.204000,set0,original-openmp,mimalloc
addusxx_g,BaO_nat002,64000,18643,4,15,1.974000,set0,original-openmp,mimalloc
addusxx_g,BaO_nat002,64000,18643,4,16,1.952000,set0,original-openmp,mimalloc
addusxx_g,BaO_nat002,64000,18643,4,17,1.963000,set0,original-openmp,mimalloc
addusxx_g,BaO_nat002,64000,18643,4,18,1.974000,set0,original-openmp,mimalloc
addusxx_g,BaO_nat002,64000,18643,4,19,1.959000,set0,original-openmp,mimalloc
addusxx_g,BaO_nat002,64000,18643,8,0,1.089000,set0,original-openmp,mimalloc
addusxx_g,BaO_nat002,64000,18643,8,1,1.102000,set0,original-openmp,mimalloc
addusxx_g,BaO_nat002,64000,18643,8,2,1.073000,set0,original-openmp,mimalloc
addusxx_g,BaO_nat002,64000,18643,8,3,1.071000,set0,original-openmp,mimalloc
addusxx_g,BaO_nat002,64000,18643,8,4,1.076000,set0,original-openmp,mimalloc
addusxx_g,BaO_nat002,64000,18643,8,5,1.077000,set0,original-openmp,mimalloc
addusxx_g,BaO_nat002,64000,18643,8,6,1.060000,set0,original-openmp,mimalloc
addusxx_g,BaO_nat002,64000,18643,8,7,1.085000,set0,original-openmp,mimalloc
addusxx_g,BaO_nat002,64000,18643,8,8,1.064000,set0,original-openmp,mimalloc
addusxx_g,BaO_nat002,64000,18643,8,9,1.078000,set0,original-openmp,mimalloc
addusxx_g,BaO_nat002,64000,18643,8,10,1.069000,set0,original-openmp,mimalloc
addusxx_g,BaO_nat002,64000,18643,8,11,1.081000,set0,original-openmp,mimalloc
addusxx_g,BaO_nat002,64000,18643,8,12,1.064000,set0,original-openmp,mimalloc
addusxx_g,BaO_nat002,64000,18643,8,13,1.107000,set0,original-openmp,mimalloc
addusxx_g,BaO_nat002,64000,18643,8,14,1.059000,set0,original-openmp,mimalloc
addusxx_g,BaO_nat002,64000,18643,8,15,1.076000,set0,original-openmp,mimalloc
addusxx_g,BaO_nat002,64000,18643,8,16,1.067000,set0,original-openmp,mimalloc
addusxx_g,BaO_nat002,64000,18643,8,17,1.063000,set0,original-openmp,mimalloc
addusxx_g,BaO_nat002,64000,18643,8,18,1.067000,set0,original-openmp,mimalloc
addusxx_g,BaO_nat002,64000,18643,8,19,1.062000,set0,original-openmp,mimalloc
addusxx_g,BaO_nat002,64000,18643,16,0,0.621000,set0,original-openmp,mimalloc
addusxx_g,BaO_nat002,64000,18643,16,1,0.626000,set0,original-openmp,mimalloc
addusxx_g,BaO_nat002,64000,18643,16,2,0.580000,set0,original-openmp,mimalloc
addusxx_g,BaO_nat002,64000,18643,16,3,0.576000,set0,original-openmp,mimalloc
addusxx_g,BaO_nat002,64000,18643,16,4,0.569000,set0,original-openmp,mimalloc
addusxx_g,BaO_nat002,64000,18643,16,5,0.570000,set0,original-openmp,mimalloc
addusxx_g,BaO_nat002,64000,18643,16,6,0.573000,set0,original-openmp,mimalloc
addusxx_g,BaO_nat002,64000,18643,16,7,0.561000,set0,original-openmp,mimalloc
addusxx_g,BaO_nat002,64000,18643,16,8,0.559000,set0,original-openmp,mimalloc
addusxx_g,BaO_nat002,64000,18643,16,9,0.566000,set0,original-openmp,mimalloc
addusxx_g,BaO_nat002,64000,18643,16,10,0.595000,set0,original-openmp,mimalloc
addusxx_g,BaO_nat002,64000,18643,16,11,0.578000,set0,original-openmp,mimalloc
addusxx_g,BaO_nat002,64000,18643,16,12,0.561000,set0,original-openmp,mimalloc
addusxx_g,BaO_nat002,64000,18643,16,13,0.558000,set0,original-openmp,mimalloc
addusxx_g,BaO_nat002,64000,18643,16,14,0.634000,set0,original-openmp,mimalloc
addusxx_g,BaO_nat002,64000,18643,16,15,0.564000,set0,original-openmp,mimalloc
addusxx_g,BaO_nat002,64000,18643,16,16,0.562000,set0,original-openmp,mimalloc
addusxx_g,BaO_nat002,64000,18643,16,17,0.562000,set0,original-openmp,mimalloc
addusxx_g,BaO_nat002,64000,18643,16,18,0.559000,set0,original-openmp,mimalloc
addusxx_g,BaO_nat002,64000,18643,16,19,0.563000,set0,original-openmp,mimalloc
addusxx_g,BaO_nat002,64000,18643,32,0,0.397000,set0,original-openmp,mimalloc
addusxx_g,BaO_nat002,64000,18643,32,1,0.388000,set0,original-openmp,mimalloc
addusxx_g,BaO_nat002,64000,18643,32,2,0.411000,set0,original-openmp,mimalloc
addusxx_g,BaO_nat002,64000,18643,32,3,0.381000,set0,original-openmp,mimalloc
addusxx_g,BaO_nat002,64000,18643,32,4,0.499000,set0,original-openmp,mimalloc
addusxx_g,BaO_nat002,64000,18643,32,5,0.383000,set0,original-openmp,mimalloc
addusxx_g,BaO_nat002,64000,18643,32,6,0.368000,set0,original-openmp,mimalloc
addusxx_g,BaO_nat002,64000,18643,32,7,0.372000,set0,original-openmp,mimalloc
addusxx_g,BaO_nat002,64000,18643,32,8,0.382000,set0,original-openmp,mimalloc
addusxx_g,BaO_nat002,64000,18643,32,9,0.379000,set0,original-openmp,mimalloc
addusxx_g,BaO_nat002,64000,18643,32,10,0.459000,set0,original-openmp,mimalloc
addusxx_g,BaO_nat002,64000,18643,32,11,0.376000,set0,original-openmp,mimalloc
addusxx_g,BaO_nat002,64000,18643,32,12,0.375000,set0,original-openmp,mimalloc
addusxx_g,BaO_nat002,64000,18643,32,13,0.364000,set0,original-openmp,mimalloc
addusxx_g,BaO_nat002,64000,18643,32,14,0.374000,set0,original-openmp,mimalloc
addusxx_g,BaO_nat002,64000,18643,32,15,0.383000,set0,original-openmp,mimalloc
addusxx_g,BaO_nat002,64000,18643,32,16,0.363000,set0,original-openmp,mimalloc
addusxx_g,BaO_nat002,64000,18643,32,17,0.372000,set0,original-openmp,mimalloc
addusxx_g,BaO_nat002,64000,18643,32,18,0.375000,set0,original-openmp,mimalloc
addusxx_g,BaO_nat002,64000,18643,32,19,0.375000,set0,original-openmp,mimalloc
addusxx_g,BaO_nat002,64000,18643,64,0,0.269000,set0,original-openmp,mimalloc
addusxx_g,BaO_nat002,64000,18643,64,1,0.308000,set0,original-openmp,mimalloc
addusxx_g,BaO_nat002,64000,18643,64,2,0.296000,set0,original-openmp,mimalloc
addusxx_g,BaO_nat002,64000,18643,64,3,0.327000,set0,original-openmp,mimalloc
addusxx_g,BaO_nat002,64000,18643,64,4,0.309000,set0,original-openmp,mimalloc
addusxx_g,BaO_nat002,64000,18643,64,5,0.292000,set0,original-openmp,mimalloc
addusxx_g,BaO_nat002,64000,18643,64,6,0.290000,set0,original-openmp,mimalloc
addusxx_g,BaO_nat002,64000,18643,64,7,0.523000,set0,original-openmp,mimalloc
addusxx_g,BaO_nat002,64000,18643,64,8,0.292000,set0,original-openmp,mimalloc
addusxx_g,BaO_nat002,64000,18643,64,9,0.290000,set0,original-openmp,mimalloc
addusxx_g,BaO_nat002,64000,18643,64,10,0.272000,set0,original-openmp,mimalloc
addusxx_g,BaO_nat002,64000,18643,64,11,0.794000,set0,original-openmp,mimalloc
addusxx_g,BaO_nat002,64000,18643,64,12,0.315000,set0,original-openmp,mimalloc
addusxx_g,BaO_nat002,64000,18643,64,13,0.288000,set0,original-openmp,mimalloc
addusxx_g,BaO_nat002,64000,18643,64,14,0.308000,set0,original-openmp,mimalloc
addusxx_g,BaO_nat002,64000,18643,64,15,0.293000,set0,original-openmp,mimalloc
addusxx_g,BaO_nat002,64000,18643,64,16,0.290000,set0,original-openmp,mimalloc
addusxx_g,BaO_nat002,64000,18643,64,17,0.366000,set0,original-openmp,mimalloc
addusxx_g,BaO_nat002,64000,18643,64,18,0.310000,set0,original-openmp,mimalloc
addusxx_g,BaO_nat002,64000,18643,64,19,0.293000,set0,original-openmp,mimalloc
addusxx_g,BaO_nat002,64000,18643,72,0,0.271000,set0,original-openmp,mimalloc
addusxx_g,BaO_nat002,64000,18643,72,1,0.327000,set0,original-openmp,mimalloc
addusxx_g,BaO_nat002,64000,18643,72,2,0.332000,set0,original-openmp,mimalloc
addusxx_g,BaO_nat002,64000,18643,72,3,0.330000,set0,original-openmp,mimalloc
addusxx_g,BaO_nat002,64000,18643,72,4,0.321000,set0,original-openmp,mimalloc
addusxx_g,BaO_nat002,64000,18643,72,5,0.324000,set0,original-openmp,mimalloc
addusxx_g,BaO_nat002,64000,18643,72,6,0.318000,set0,original-openmp,mimalloc
addusxx_g,BaO_nat002,64000,18643,72,7,0.312000,set0,original-openmp,mimalloc
addusxx_g,BaO_nat002,64000,18643,72,8,0.314000,set0,original-openmp,mimalloc
addusxx_g,BaO_nat002,64000,18643,72,9,0.316000,set0,original-openmp,mimalloc
addusxx_g,BaO_nat002,64000,18643,72,10,0.338000,set0,original-openmp,mimalloc
addusxx_g,BaO_nat002,64000,18643,72,11,0.316000,set0,original-openmp,mimalloc
addusxx_g,BaO_nat002,64000,18643,72,12,1.479000,set0,original-openmp,mimalloc
addusxx_g,BaO_nat002,64000,18643,72,13,0.320000,set0,original-openmp,mimalloc
addusxx_g,BaO_nat002,64000,18643,72,14,0.318000,set0,original-openmp,mimalloc
addusxx_g,BaO_nat002,64000,18643,72,15,0.317000,set0,original-openmp,mimalloc
addusxx_g,BaO_nat002,64000,18643,72,16,0.316000,set0,original-openmp,mimalloc
addusxx_g,BaO_nat002,64000,18643,72,17,0.314000,set0,original-openmp,mimalloc
addusxx_g,BaO_nat002,64000,18643,72,18,0.397000,set0,original-openmp,mimalloc
addusxx_g,BaO_nat002,64000,18643,72,19,0.320000,set0,original-openmp,mimalloc
addusxx_g,BaO_nat002,64000,18643,1,0,7.610000,set1,original-openmp,mimalloc
addusxx_g,BaO_nat002,64000,18643,1,1,7.627000,set1,original-openmp,mimalloc
addusxx_g,BaO_nat002,64000,18643,1,2,7.666000,set1,original-openmp,mimalloc
addusxx_g,BaO_nat002,64000,18643,1,3,7.618000,set1,original-openmp,mimalloc
addusxx_g,BaO_nat002,64000,18643,1,4,7.629000,set1,original-openmp,mimalloc
addusxx_g,BaO_nat002,64000,18643,1,5,7.576000,set1,original-openmp,mimalloc
addusxx_g,BaO_nat002,64000,18643,1,6,7.577000,set1,original-openmp,mimalloc
addusxx_g,BaO_nat002,64000,18643,1,7,7.767000,set1,original-openmp,mimalloc
addusxx_g,BaO_nat002,64000,18643,1,8,7.653000,set1,original-openmp,mimalloc
addusxx_g,BaO_nat002,64000,18643,1,9,7.616000,set1,original-openmp,mimalloc
addusxx_g,BaO_nat002,64000,18643,1,10,7.606000,set1,original-openmp,mimalloc
addusxx_g,BaO_nat002,64000,18643,1,11,7.534000,set1,original-openmp,mimalloc
addusxx_g,BaO_nat002,64000,18643,1,12,7.592000,set1,original-openmp,mimalloc
addusxx_g,BaO_nat002,64000,18643,1,13,7.498000,set1,original-openmp,mimalloc
addusxx_g,BaO_nat002,64000,18643,1,14,7.552000,set1,original-openmp,mimalloc
addusxx_g,BaO_nat002,64000,18643,1,15,7.540000,set1,original-openmp,mimalloc
addusxx_g,BaO_nat002,64000,18643,1,16,7.549000,set1,original-openmp,mimalloc
addusxx_g,BaO_nat002,64000,18643,1,17,7.596000,set1,original-openmp,mimalloc
addusxx_g,BaO_nat002,64000,18643,1,18,7.567000,set1,original-openmp,mimalloc
addusxx_g,BaO_nat002,64000,18643,1,19,7.584000,set1,original-openmp,mimalloc
addusxx_g,BaO_nat002,64000,18643,2,0,4.073000,set1,original-openmp,mimalloc
addusxx_g,BaO_nat002,64000,18643,2,1,4.014000,set1,original-openmp,mimalloc
addusxx_g,BaO_nat002,64000,18643,2,2,4.019000,set1,original-openmp,mimalloc
addusxx_g,BaO_nat002,64000,18643,2,3,3.967000,set1,original-openmp,mimalloc
addusxx_g,BaO_nat002,64000,18643,2,4,3.915000,set1,original-openmp,mimalloc
addusxx_g,BaO_nat002,64000,18643,2,5,3.870000,set1,original-openmp,mimalloc
addusxx_g,BaO_nat002,64000,18643,2,6,3.923000,set1,original-openmp,mimalloc
addusxx_g,BaO_nat002,64000,18643,2,7,3.977000,set1,original-openmp,mimalloc
addusxx_g,BaO_nat002,64000,18643,2,8,3.884000,set1,original-openmp,mimalloc
addusxx_g,BaO_nat002,64000,18643,2,9,3.851000,set1,original-openmp,mimalloc
addusxx_g,BaO_nat002,64000,18643,2,10,3.971000,set1,original-openmp,mimalloc
addusxx_g,BaO_nat002,64000,18643,2,11,3.857000,set1,original-openmp,mimalloc
addusxx_g,BaO_nat002,64000,18643,2,12,3.845000,set1,original-openmp,mimalloc
addusxx_g,BaO_nat002,64000,18643,2,13,3.818000,set1,original-openmp,mimalloc
addusxx_g,BaO_nat002,64000,18643,2,14,3.825000,set1,original-openmp,mimalloc
addusxx_g,BaO_nat002,64000,18643,2,15,3.808000,set1,original-openmp,mimalloc
addusxx_g,BaO_nat002,64000,18643,2,16,3.798000,set1,original-openmp,mimalloc
addusxx_g,BaO_nat002,64000,18643,2,17,3.841000,set1,original-openmp,mimalloc
addusxx_g,BaO_nat002,64000,18643,2,18,3.838000,set1,original-openmp,mimalloc
addusxx_g,BaO_nat002,64000,18643,2,19,3.829000,set1,original-openmp,mimalloc
addusxx_g,BaO_nat002,64000,18643,4,0,2.038000,set1,original-openmp,mimalloc
addusxx_g,BaO_nat002,64000,18643,4,1,2.007000,set1,original-openmp,mimalloc
addusxx_g,BaO_nat002,64000,18643,4,2,1.987000,set1,original-openmp,mimalloc
addusxx_g,BaO_nat002,64000,18643,4,3,1.984000,set1,original-openmp,mimalloc
addusxx_g,BaO_nat002,64000,18643,4,4,1.986000,set1,original-openmp,mimalloc
addusxx_g,BaO_nat002,64000,18643,4,5,1.964000,set1,original-openmp,mimalloc
addusxx_g,BaO_nat002,64000,18643,4,6,1.970000,set1,original-openmp,mimalloc
addusxx_g,BaO_nat002,64000,18643,4,7,1.971000,set1,original-openmp,mimalloc
addusxx_g,BaO_nat002,64000,18643,4,8,1.961000,set1,original-openmp,mimalloc
addusxx_g,BaO_nat002,64000,18643,4,9,1.951000,set1,original-openmp,mimalloc
addusxx_g,BaO_nat002,64000,18643,4,10,1.992000,set1,original-openmp,mimalloc
addusxx_g,BaO_nat002,64000,18643,4,11,1.974000,set1,original-openmp,mimalloc
addusxx_g,BaO_nat002,64000,18643,4,12,2.058000,set1,original-openmp,mimalloc
addusxx_g,BaO_nat002,64000,18643,4,13,1.971000,set1,original-openmp,mimalloc
addusxx_g,BaO_nat002,64000,18643,4,14,1.966000,set1,original-openmp,mimalloc
addusxx_g,BaO_nat002,64000,18643,4,15,1.961000,set1,original-openmp,mimalloc
addusxx_g,BaO_nat002,64000,18643,4,16,1.961000,set1,original-openmp,mimalloc
addusxx_g,BaO_nat002,64000,18643,4,17,1.967000,set1,original-openmp,mimalloc
addusxx_g,BaO_nat002,64000,18643,4,18,2.084000,set1,original-openmp,mimalloc
addusxx_g,BaO_nat002,64000,18643,4,19,2.605000,set1,original-openmp,mimalloc
addusxx_g,BaO_nat002,64000,18643,8,0,1.099000,set1,original-openmp,mimalloc
addusxx_g,BaO_nat002,64000,18643,8,1,1.104000,set1,original-openmp,mimalloc
addusxx_g,BaO_nat002,64000,18643,8,2,1.076000,set1,original-openmp,mimalloc
addusxx_g,BaO_nat002,64000,18643,8,3,1.080000,set1,original-openmp,mimalloc
addusxx_g,BaO_nat002,64000,18643,8,4,1.080000,set1,original-openmp,mimalloc
addusxx_g,BaO_nat002,64000,18643,8,5,1.072000,set1,original-openmp,mimalloc
addusxx_g,BaO_nat002,64000,18643,8,6,1.072000,set1,original-openmp,mimalloc
addusxx_g,BaO_nat002,64000,18643,8,7,1.070000,set1,original-openmp,mimalloc
addusxx_g,BaO_nat002,64000,18643,8,8,1.065000,set1,original-openmp,mimalloc
addusxx_g,BaO_nat002,64000,18643,8,9,1.083000,set1,original-openmp,mimalloc
addusxx_g,BaO_nat002,64000,18643,8,10,1.064000,set1,original-openmp,mimalloc
addusxx_g,BaO_nat002,64000,18643,8,11,1.058000,set1,original-openmp,mimalloc
addusxx_g,BaO_nat002,64000,18643,8,12,1.070000,set1,original-openmp,mimalloc
addusxx_g,BaO_nat002,64000,18643,8,13,1.095000,set1,original-openmp,mimalloc
addusxx_g,BaO_nat002,64000,18643,8,14,1.065000,set1,original-openmp,mimalloc
addusxx_g,BaO_nat002,64000,18643,8,15,1.082000,set1,original-openmp,mimalloc
addusxx_g,BaO_nat002,64000,18643,8,16,1.058000,set1,original-openmp,mimalloc
addusxx_g,BaO_nat002,64000,18643,8,17,1.077000,set1,original-openmp,mimalloc
addusxx_g,BaO_nat002,64000,18643,8,18,1.071000,set1,original-openmp,mimalloc
addusxx_g,BaO_nat002,64000,18643,8,19,1.080000,set1,original-openmp,mimalloc
addusxx_g,BaO_nat002,64000,18643,16,0,0.572000,set1,original-openmp,mimalloc
addusxx_g,BaO_nat002,64000,18643,16,1,0.642000,set1,original-openmp,mimalloc
addusxx_g,BaO_nat002,64000,18643,16,2,0.574000,set1,original-openmp,mimalloc
addusxx_g,BaO_nat002,64000,18643,16,3,0.566000,set1,original-openmp,mimalloc
addusxx_g,BaO_nat002,64000,18643,16,4,0.586000,set1,original-openmp,mimalloc
addusxx_g,BaO_nat002,64000,18643,16,5,0.577000,set1,original-openmp,mimalloc
addusxx_g,BaO_nat002,64000,18643,16,6,0.595000,set1,original-openmp,mimalloc
addusxx_g,BaO_nat002,64000,18643,16,7,0.583000,set1,original-openmp,mimalloc
addusxx_g,BaO_nat002,64000,18643,16,8,0.560000,set1,original-openmp,mimalloc
addusxx_g,BaO_nat002,64000,18643,16,9,0.675000,set1,original-openmp,mimalloc
addusxx_g,BaO_nat002,64000,18643,16,10,0.569000,set1,original-openmp,mimalloc
addusxx_g,BaO_nat002,64000,18643,16,11,0.562000,set1,original-openmp,mimalloc
addusxx_g,BaO_nat002,64000,18643,16,12,0.614000,set1,original-openmp,mimalloc
addusxx_g,BaO_nat002,64000,18643,16,13,0.575000,set1,original-openmp,mimalloc
addusxx_g,BaO_nat002,64000,18643,16,14,0.561000,set1,original-openmp,mimalloc
addusxx_g,BaO_nat002,64000,18643,16,15,0.569000,set1,original-openmp,mimalloc
addusxx_g,BaO_nat002,64000,18643,16,16,0.566000,set1,original-openmp,mimalloc
addusxx_g,BaO_nat002,64000,18643,16,17,0.562000,set1,original-openmp,mimalloc
addusxx_g,BaO_nat002,64000,18643,16,18,0.568000,set1,original-openmp,mimalloc
addusxx_g,BaO_nat002,64000,18643,16,19,0.646000,set1,original-openmp,mimalloc
addusxx_g,BaO_nat002,64000,18643,32,0,0.348000,set1,original-openmp,mimalloc
addusxx_g,BaO_nat002,64000,18643,32,1,0.387000,set1,original-openmp,mimalloc
addusxx_g,BaO_nat002,64000,18643,32,2,0.362000,set1,original-openmp,mimalloc
addusxx_g,BaO_nat002,64000,18643,32,3,0.359000,set1,original-openmp,mimalloc
addusxx_g,BaO_nat002,64000,18643,32,4,0.371000,set1,original-openmp,mimalloc
addusxx_g,BaO_nat002,64000,18643,32,5,0.366000,set1,original-openmp,mimalloc
addusxx_g,BaO_nat002,64000,18643,32,6,0.379000,set1,original-openmp,mimalloc
addusxx_g,BaO_nat002,64000,18643,32,7,0.383000,set1,original-openmp,mimalloc
addusxx_g,BaO_nat002,64000,18643,32,8,0.371000,set1,original-openmp,mimalloc
addusxx_g,BaO_nat002,64000,18643,32,9,0.374000,set1,original-openmp,mimalloc
addusxx_g,BaO_nat002,64000,18643,32,10,0.378000,set1,original-openmp,mimalloc
addusxx_g,BaO_nat002,64000,18643,32,11,0.368000,set1,original-openmp,mimalloc
addusxx_g,BaO_nat002,64000,18643,32,12,0.357000,set1,original-openmp,mimalloc
addusxx_g,BaO_nat002,64000,18643,32,13,0.361000,set1,original-openmp,mimalloc
addusxx_g,BaO_nat002,64000,18643,32,14,0.375000,set1,original-openmp,mimalloc
addusxx_g,BaO_nat002,64000,18643,32,15,0.364000,set1,original-openmp,mimalloc
addusxx_g,BaO_nat002,64000,18643,32,16,0.366000,set1,original-openmp,mimalloc
addusxx_g,BaO_nat002,64000,18643,32,17,0.373000,set1,original-openmp,mimalloc
addusxx_g,BaO_nat002,64000,18643,32,18,0.356000,set1,original-openmp,mimalloc
addusxx_g,BaO_nat002,64000,18643,32,19,0.357000,set1,original-openmp,mimalloc
addusxx_g,BaO_nat002,64000,18643,64,0,0.279000,set1,original-openmp,mimalloc
addusxx_g,BaO_nat002,64000,18643,64,1,0.363000,set1,original-openmp,mimalloc
addusxx_g,BaO_nat002,64000,18643,64,2,0.283000,set1,original-openmp,mimalloc
addusxx_g,BaO_nat002,64000,18643,64,3,0.371000,set1,original-openmp,mimalloc
addusxx_g,BaO_nat002,64000,18643,64,4,0.305000,set1,original-openmp,mimalloc
addusxx_g,BaO_nat002,64000,18643,64,5,0.287000,set1,original-openmp,mimalloc
addusxx_g,BaO_nat002,64000,18643,64,6,0.294000,set1,original-openmp,mimalloc
addusxx_g,BaO_nat002,64000,18643,64,7,2.296000,set1,original-openmp,mimalloc
addusxx_g,BaO_nat002,64000,18643,64,8,0.297000,set1,original-openmp,mimalloc
addusxx_g,BaO_nat002,64000,18643,64,9,0.306000,set1,original-openmp,mimalloc
addusxx_g,BaO_nat002,64000,18643,64,10,0.303000,set1,original-openmp,mimalloc
addusxx_g,BaO_nat002,64000,18643,64,11,0.301000,set1,original-openmp,mimalloc
addusxx_g,BaO_nat002,64000,18643,64,12,0.476000,set1,original-openmp,mimalloc
addusxx_g,BaO_nat002,64000,18643,64,13,0.287000,set1,original-openmp,mimalloc
addusxx_g,BaO_nat002,64000,18643,64,14,0.303000,set1,original-openmp,mimalloc
addusxx_g,BaO_nat002,64000,18643,64,15,0.322000,set1,original-openmp,mimalloc
addusxx_g,BaO_nat002,64000,18643,64,16,0.286000,set1,original-openmp,mimalloc
addusxx_g,BaO_nat002,64000,18643,64,17,0.306000,set1,original-openmp,mimalloc
addusxx_g,BaO_nat002,64000,18643,64,18,0.300000,set1,original-openmp,mimalloc
addusxx_g,BaO_nat002,64000,18643,64,19,0.306000,set1,original-openmp,mimalloc
addusxx_g,BaO_nat002,64000,18643,72,0,0.277000,set1,original-openmp,mimalloc
addusxx_g,BaO_nat002,64000,18643,72,1,0.313000,set1,original-openmp,mimalloc
addusxx_g,BaO_nat002,64000,18643,72,2,0.339000,set1,original-openmp,mimalloc
addusxx_g,BaO_nat002,64000,18643,72,3,0.308000,set1,original-openmp,mimalloc
addusxx_g,BaO_nat002,64000,18643,72,4,0.311000,set1,original-openmp,mimalloc
addusxx_g,BaO_nat002,64000,18643,72,5,0.306000,set1,original-openmp,mimalloc
addusxx_g,BaO_nat002,64000,18643,72,6,0.321000,set1,original-openmp,mimalloc
addusxx_g,BaO_nat002,64000,18643,72,7,0.307000,set1,original-openmp,mimalloc
addusxx_g,BaO_nat002,64000,18643,72,8,0.308000,set1,original-openmp,mimalloc
addusxx_g,BaO_nat002,64000,18643,72,9,0.322000,set1,original-openmp,mimalloc
addusxx_g,BaO_nat002,64000,18643,72,10,0.309000,set1,original-openmp,mimalloc
addusxx_g,BaO_nat002,64000,18643,72,11,0.350000,set1,original-openmp,mimalloc
addusxx_g,BaO_nat002,64000,18643,72,12,0.340000,set1,original-openmp,mimalloc
addusxx_g,BaO_nat002,64000,18643,72,13,0.306000,set1,original-openmp,mimalloc
addusxx_g,BaO_nat002,64000,18643,72,14,0.314000,set1,original-openmp,mimalloc
addusxx_g,BaO_nat002,64000,18643,72,15,0.308000,set1,original-openmp,mimalloc
addusxx_g,BaO_nat002,64000,18643,72,16,0.330000,set1,original-openmp,mimalloc
addusxx_g,BaO_nat002,64000,18643,72,17,1.272000,set1,original-openmp,mimalloc
addusxx_g,BaO_nat002,64000,18643,72,18,0.398000,set1,original-openmp,mimalloc
addusxx_g,BaO_nat002,64000,18643,72,19,0.309000,set1,original-openmp,mimalloc
addusxx_g,BaTiO3_nat005,64000,27609,1,0,27.519000,set0,original-openmp,mimalloc
addusxx_g,BaTiO3_nat005,64000,27609,1,1,27.813000,set0,original-openmp,mimalloc
addusxx_g,BaTiO3_nat005,64000,27609,1,2,27.806000,set0,original-openmp,mimalloc
addusxx_g,BaTiO3_nat005,64000,27609,1,3,27.920000,set0,original-openmp,mimalloc
addusxx_g,BaTiO3_nat005,64000,27609,1,4,28.214000,set0,original-openmp,mimalloc
addusxx_g,BaTiO3_nat005,64000,27609,1,5,27.594000,set0,original-openmp,mimalloc
addusxx_g,BaTiO3_nat005,64000,27609,1,6,28.226000,set0,original-openmp,mimalloc
addusxx_g,BaTiO3_nat005,64000,27609,1,7,27.597000,set0,original-openmp,mimalloc
addusxx_g,BaTiO3_nat005,64000,27609,1,8,27.614000,set0,original-openmp,mimalloc
addusxx_g,BaTiO3_nat005,64000,27609,1,9,27.567000,set0,original-openmp,mimalloc
addusxx_g,BaTiO3_nat005,64000,27609,1,10,27.346000,set0,original-openmp,mimalloc
addusxx_g,BaTiO3_nat005,64000,27609,1,11,28.329000,set0,original-openmp,mimalloc
addusxx_g,BaTiO3_nat005,64000,27609,1,12,27.968000,set0,original-openmp,mimalloc
addusxx_g,BaTiO3_nat005,64000,27609,1,13,27.720000,set0,original-openmp,mimalloc
addusxx_g,BaTiO3_nat005,64000,27609,1,14,28.054000,set0,original-openmp,mimalloc
addusxx_g,BaTiO3_nat005,64000,27609,1,15,27.740000,set0,original-openmp,mimalloc
addusxx_g,BaTiO3_nat005,64000,27609,1,16,27.850000,set0,original-openmp,mimalloc
addusxx_g,BaTiO3_nat005,64000,27609,1,17,27.797000,set0,original-openmp,mimalloc
addusxx_g,BaTiO3_nat005,64000,27609,1,18,28.179000,set0,original-openmp,mimalloc
addusxx_g,BaTiO3_nat005,64000,27609,1,19,27.692000,set0,original-openmp,mimalloc
addusxx_g,BaTiO3_nat005,64000,27609,2,0,14.746000,set0,original-openmp,mimalloc
addusxx_g,BaTiO3_nat005,64000,27609,2,1,14.772000,set0,original-openmp,mimalloc
addusxx_g,BaTiO3_nat005,64000,27609,2,2,14.530000,set0,original-openmp,mimalloc
addusxx_g,BaTiO3_nat005,64000,27609,2,3,14.506000,set0,original-openmp,mimalloc
addusxx_g,BaTiO3_nat005,64000,27609,2,4,14.514000,set0,original-openmp,mimalloc
addusxx_g,BaTiO3_nat005,64000,27609,2,5,14.545000,set0,original-openmp,mimalloc
addusxx_g,BaTiO3_nat005,64000,27609,2,6,14.552000,set0,original-openmp,mimalloc
addusxx_g,BaTiO3_nat005,64000,27609,2,7,14.620000,set0,original-openmp,mimalloc
addusxx_g,BaTiO3_nat005,64000,27609,2,8,14.607000,set0,original-openmp,mimalloc
addusxx_g,BaTiO3_nat005,64000,27609,2,9,14.543000,set0,original-openmp,mimalloc
addusxx_g,BaTiO3_nat005,64000,27609,2,10,14.524000,set0,original-openmp,mimalloc
addusxx_g,BaTiO3_nat005,64000,27609,2,11,14.661000,set0,original-openmp,mimalloc
addusxx_g,BaTiO3_nat005,64000,27609,2,12,14.582000,set0,original-openmp,mimalloc
addusxx_g,BaTiO3_nat005,64000,27609,2,13,14.672000,set0,original-openmp,mimalloc
addusxx_g,BaTiO3_nat005,64000,27609,2,14,15.151000,set0,original-openmp,mimalloc
addusxx_g,BaTiO3_nat005,64000,27609,2,15,14.581000,set0,original-openmp,mimalloc
addusxx_g,BaTiO3_nat005,64000,27609,2,16,15.089000,set0,original-openmp,mimalloc
addusxx_g,BaTiO3_nat005,64000,27609,2,17,14.748000,set0,original-openmp,mimalloc
addusxx_g,BaTiO3_nat005,64000,27609,2,18,14.831000,set0,original-openmp,mimalloc
addusxx_g,BaTiO3_nat005,64000,27609,2,19,14.716000,set0,original-openmp,mimalloc
addusxx_g,BaTiO3_nat005,64000,27609,4,0,7.692000,set0,original-openmp,mimalloc
addusxx_g,BaTiO3_nat005,64000,27609,4,1,7.707000,set0,original-openmp,mimalloc
addusxx_g,BaTiO3_nat005,64000,27609,4,2,7.713000,set0,original-openmp,mimalloc
addusxx_g,BaTiO3_nat005,64000,27609,4,3,7.671000,set0,original-openmp,mimalloc
addusxx_g,BaTiO3_nat005,64000,27609,4,4,7.712000,set0,original-openmp,mimalloc
addusxx_g,BaTiO3_nat005,64000,27609,4,5,7.736000,set0,original-openmp,mimalloc
addusxx_g,BaTiO3_nat005,64000,27609,4,6,7.771000,set0,original-openmp,mimalloc
addusxx_g,BaTiO3_nat005,64000,27609,4,7,7.602000,set0,original-openmp,mimalloc
addusxx_g,BaTiO3_nat005,64000,27609,4,8,7.597000,set0,original-openmp,mimalloc
addusxx_g,BaTiO3_nat005,64000,27609,4,9,7.792000,set0,original-openmp,mimalloc
addusxx_g,BaTiO3_nat005,64000,27609,4,10,7.691000,set0,original-openmp,mimalloc
addusxx_g,BaTiO3_nat005,64000,27609,4,11,7.705000,set0,original-openmp,mimalloc
addusxx_g,BaTiO3_nat005,64000,27609,4,12,7.618000,set0,original-openmp,mimalloc
addusxx_g,BaTiO3_nat005,64000,27609,4,13,7.709000,set0,original-openmp,mimalloc
addusxx_g,BaTiO3_nat005,64000,27609,4,14,7.713000,set0,original-openmp,mimalloc
addusxx_g,BaTiO3_nat005,64000,27609,4,15,7.685000,set0,original-openmp,mimalloc
addusxx_g,BaTiO3_nat005,64000,27609,4,16,7.672000,set0,original-openmp,mimalloc
addusxx_g,BaTiO3_nat005,64000,27609,4,17,7.678000,set0,original-openmp,mimalloc
addusxx_g,BaTiO3_nat005,64000,27609,4,18,7.580000,set0,original-openmp,mimalloc
addusxx_g,BaTiO3_nat005,64000,27609,4,19,7.624000,set0,original-openmp,mimalloc
addusxx_g,BaTiO3_nat005,64000,27609,8,0,4.052000,set0,original-openmp,mimalloc
addusxx_g,BaTiO3_nat005,64000,27609,8,1,4.070000,set0,original-openmp,mimalloc
addusxx_g,BaTiO3_nat005,64000,27609,8,2,4.090000,set0,original-openmp,mimalloc
addusxx_g,BaTiO3_nat005,64000,27609,8,3,4.090000,set0,original-openmp,mimalloc
addusxx_g,BaTiO3_nat005,64000,27609,8,4,4.074000,set0,original-openmp,mimalloc
addusxx_g,BaTiO3_nat005,64000,27609,8,5,4.074000,set0,original-openmp,mimalloc
addusxx_g,BaTiO3_nat005,64000,27609,8,6,4.063000,set0,original-openmp,mimalloc
addusxx_g,BaTiO3_nat005,64000,27609,8,7,4.077000,set0,original-openmp,mimalloc
addusxx_g,BaTiO3_nat005,64000,27609,8,8,4.068000,set0,original-openmp,mimalloc
addusxx_g,BaTiO3_nat005,64000,27609,8,9,4.066000,set0,original-openmp,mimalloc
addusxx_g,BaTiO3_nat005,64000,27609,8,10,4.039000,set0,original-openmp,mimalloc
addusxx_g,BaTiO3_nat005,64000,27609,8,11,4.045000,set0,original-openmp,mimalloc
addusxx_g,BaTiO3_nat005,64000,27609,8,12,4.058000,set0,original-openmp,mimalloc
addusxx_g,BaTiO3_nat005,64000,27609,8,13,4.046000,set0,original-openmp,mimalloc
addusxx_g,BaTiO3_nat005,64000,27609,8,14,4.055000,set0,original-openmp,mimalloc
addusxx_g,BaTiO3_nat005,64000,27609,8,15,4.070000,set0,original-openmp,mimalloc
addusxx_g,BaTiO3_nat005,64000,27609,8,16,4.114000,set0,original-openmp,mimalloc
addusxx_g,BaTiO3_nat005,64000,27609,8,17,4.069000,set0,original-openmp,mimalloc
addusxx_g,BaTiO3_nat005,64000,27609,8,18,4.056000,set0,original-openmp,mimalloc
addusxx_g,BaTiO3_nat005,64000,27609,8,19,4.082000,set0,original-openmp,mimalloc
addusxx_g,BaTiO3_nat005,64000,27609,16,0,2.151000,set0,original-openmp,mimalloc
addusxx_g,BaTiO3_nat005,64000,27609,16,1,2.324000,set0,original-openmp,mimalloc
addusxx_g,BaTiO3_nat005,64000,27609,16,2,2.291000,set0,original-openmp,mimalloc
addusxx_g,BaTiO3_nat005,64000,27609,16,3,2.197000,set0,original-openmp,mimalloc
addusxx_g,BaTiO3_nat005,64000,27609,16,4,2.189000,set0,original-openmp,mimalloc
addusxx_g,BaTiO3_nat005,64000,27609,16,5,2.176000,set0,original-openmp,mimalloc
addusxx_g,BaTiO3_nat005,64000,27609,16,6,2.248000,set0,original-openmp,mimalloc
addusxx_g,BaTiO3_nat005,64000,27609,16,7,2.187000,set0,original-openmp,mimalloc
addusxx_g,BaTiO3_nat005,64000,27609,16,8,2.222000,set0,original-openmp,mimalloc
addusxx_g,BaTiO3_nat005,64000,27609,16,9,2.203000,set0,original-openmp,mimalloc
addusxx_g,BaTiO3_nat005,64000,27609,16,10,2.219000,set0,original-openmp,mimalloc
addusxx_g,BaTiO3_nat005,64000,27609,16,11,2.236000,set0,original-openmp,mimalloc
addusxx_g,BaTiO3_nat005,64000,27609,16,12,2.193000,set0,original-openmp,mimalloc
addusxx_g,BaTiO3_nat005,64000,27609,16,13,2.296000,set0,original-openmp,mimalloc
addusxx_g,BaTiO3_nat005,64000,27609,16,14,2.212000,set0,original-openmp,mimalloc
addusxx_g,BaTiO3_nat005,64000,27609,16,15,2.218000,set0,original-openmp,mimalloc
addusxx_g,BaTiO3_nat005,64000,27609,16,16,2.218000,set0,original-openmp,mimalloc
addusxx_g,BaTiO3_nat005,64000,27609,16,17,2.224000,set0,original-openmp,mimalloc
addusxx_g,BaTiO3_nat005,64000,27609,16,18,2.188000,set0,original-openmp,mimalloc
addusxx_g,BaTiO3_nat005,64000,27609,16,19,2.310000,set0,original-openmp,mimalloc
addusxx_g,BaTiO3_nat005,64000,27609,32,0,1.311000,set0,original-openmp,mimalloc
addusxx_g,BaTiO3_nat005,64000,27609,32,1,1.327000,set0,original-openmp,mimalloc
addusxx_g,BaTiO3_nat005,64000,27609,32,2,1.308000,set0,original-openmp,mimalloc
addusxx_g,BaTiO3_nat005,64000,27609,32,3,1.322000,set0,original-openmp,mimalloc
addusxx_g,BaTiO3_nat005,64000,27609,32,4,1.338000,set0,original-openmp,mimalloc
addusxx_g,BaTiO3_nat005,64000,27609,32,5,1.312000,set0,original-openmp,mimalloc
addusxx_g,BaTiO3_nat005,64000,27609,32,6,1.382000,set0,original-openmp,mimalloc
addusxx_g,BaTiO3_nat005,64000,27609,32,7,1.305000,set0,original-openmp,mimalloc
addusxx_g,BaTiO3_nat005,64000,27609,32,8,1.354000,set0,original-openmp,mimalloc
addusxx_g,BaTiO3_nat005,64000,27609,32,9,1.317000,set0,original-openmp,mimalloc
addusxx_g,BaTiO3_nat005,64000,27609,32,10,1.338000,set0,original-openmp,mimalloc
addusxx_g,BaTiO3_nat005,64000,27609,32,11,1.342000,set0,original-openmp,mimalloc
addusxx_g,BaTiO3_nat005,64000,27609,32,12,1.331000,set0,original-openmp,mimalloc
addusxx_g,BaTiO3_nat005,64000,27609,32,13,1.330000,set0,original-openmp,mimalloc
addusxx_g,BaTiO3_nat005,64000,27609,32,14,1.311000,set0,original-openmp,mimalloc
addusxx_g,BaTiO3_nat005,64000,27609,32,15,1.354000,set0,original-openmp,mimalloc
addusxx_g,BaTiO3_nat005,64000,27609,32,16,1.336000,set0,original-openmp,mimalloc
addusxx_g,BaTiO3_nat005,64000,27609,32,17,1.348000,set0,original-openmp,mimalloc
addusxx_g,BaTiO3_nat005,64000,27609,32,18,1.318000,set0,original-openmp,mimalloc
addusxx_g,BaTiO3_nat005,64000,27609,32,19,1.321000,set0,original-openmp,mimalloc
addusxx_g,BaTiO3_nat005,64000,27609,64,0,0.756000,set0,original-openmp,mimalloc
addusxx_g,BaTiO3_nat005,64000,27609,64,1,0.716000,set0,original-openmp,mimalloc
addusxx_g,BaTiO3_nat005,64000,27609,64,2,0.707000,set0,original-openmp,mimalloc
addusxx_g,BaTiO3_nat005,64000,27609,64,3,0.724000,set0,original-openmp,mimalloc
addusxx_g,BaTiO3_nat005,64000,27609,64,4,0.698000,set0,original-openmp,mimalloc
addusxx_g,BaTiO3_nat005,64000,27609,64,5,2.165000,set0,original-openmp,mimalloc
addusxx_g,BaTiO3_nat005,64000,27609,64,6,0.712000,set0,original-openmp,mimalloc
addusxx_g,BaTiO3_nat005,64000,27609,64,7,0.721000,set0,original-openmp,mimalloc
addusxx_g,BaTiO3_nat005,64000,27609,64,8,0.695000,set0,original-openmp,mimalloc
addusxx_g,BaTiO3_nat005,64000,27609,64,9,0.752000,set0,original-openmp,mimalloc
addusxx_g,BaTiO3_nat005,64000,27609,64,10,0.711000,set0,original-openmp,mimalloc
addusxx_g,BaTiO3_nat005,64000,27609,64,11,0.714000,set0,original-openmp,mimalloc
addusxx_g,BaTiO3_nat005,64000,27609,64,12,1.791000,set0,original-openmp,mimalloc
addusxx_g,BaTiO3_nat005,64000,27609,64,13,0.743000,set0,original-openmp,mimalloc
addusxx_g,BaTiO3_nat005,64000,27609,64,14,0.724000,set0,original-openmp,mimalloc
addusxx_g,BaTiO3_nat005,64000,27609,64,15,0.710000,set0,original-openmp,mimalloc
addusxx_g,BaTiO3_nat005,64000,27609,64,16,1.869000,set0,original-openmp,mimalloc
addusxx_g,BaTiO3_nat005,64000,27609,64,17,0.701000,set0,original-openmp,mimalloc
addusxx_g,BaTiO3_nat005,64000,27609,64,18,0.707000,set0,original-openmp,mimalloc
addusxx_g,BaTiO3_nat005,64000,27609,64,19,0.700000,set0,original-openmp,mimalloc
addusxx_g,BaTiO3_nat005,64000,27609,72,0,0.668000,set0,original-openmp,mimalloc
addusxx_g,BaTiO3_nat005,64000,27609,72,1,0.702000,set0,original-openmp,mimalloc
addusxx_g,BaTiO3_nat005,64000,27609,72,2,0.759000,set0,original-openmp,mimalloc
addusxx_g,BaTiO3_nat005,64000,27609,72,3,0.697000,set0,original-openmp,mimalloc
addusxx_g,BaTiO3_nat005,64000,27609,72,4,0.721000,set0,original-openmp,mimalloc
addusxx_g,BaTiO3_nat005,64000,27609,72,5,0.704000,set0,original-openmp,mimalloc
addusxx_g,BaTiO3_nat005,64000,27609,72,6,0.685000,set0,original-openmp,mimalloc
addusxx_g,BaTiO3_nat005,64000,27609,72,7,0.697000,set0,original-openmp,mimalloc
addusxx_g,BaTiO3_nat005,64000,27609,72,8,0.687000,set0,original-openmp,mimalloc
addusxx_g,BaTiO3_nat005,64000,27609,72,9,0.824000,set0,original-openmp,mimalloc
addusxx_g,BaTiO3_nat005,64000,27609,72,10,0.702000,set0,original-openmp,mimalloc
addusxx_g,BaTiO3_nat005,64000,27609,72,11,0.719000,set0,original-openmp,mimalloc
addusxx_g,BaTiO3_nat005,64000,27609,72,12,0.710000,set0,original-openmp,mimalloc
addusxx_g,BaTiO3_nat005,64000,27609,72,13,0.693000,set0,original-openmp,mimalloc
addusxx_g,BaTiO3_nat005,64000,27609,72,14,0.767000,set0,original-openmp,mimalloc
addusxx_g,BaTiO3_nat005,64000,27609,72,15,0.711000,set0,original-openmp,mimalloc
addusxx_g,BaTiO3_nat005,64000,27609,72,16,0.691000,set0,original-openmp,mimalloc
addusxx_g,BaTiO3_nat005,64000,27609,72,17,0.701000,set0,original-openmp,mimalloc
addusxx_g,BaTiO3_nat005,64000,27609,72,18,0.689000,set0,original-openmp,mimalloc
addusxx_g,BaTiO3_nat005,64000,27609,72,19,0.734000,set0,original-openmp,mimalloc
addusxx_g,BaTiO3_nat005,64000,27609,1,0,28.982000,set1,original-openmp,mimalloc
addusxx_g,BaTiO3_nat005,64000,27609,1,1,28.262000,set1,original-openmp,mimalloc
addusxx_g,BaTiO3_nat005,64000,27609,1,2,28.607000,set1,original-openmp,mimalloc
addusxx_g,BaTiO3_nat005,64000,27609,1,3,28.003000,set1,original-openmp,mimalloc
addusxx_g,BaTiO3_nat005,64000,27609,1,4,28.205000,set1,original-openmp,mimalloc
addusxx_g,BaTiO3_nat005,64000,27609,1,5,28.177000,set1,original-openmp,mimalloc
addusxx_g,BaTiO3_nat005,64000,27609,1,6,28.181000,set1,original-openmp,mimalloc
addusxx_g,BaTiO3_nat005,64000,27609,1,7,28.203000,set1,original-openmp,mimalloc
addusxx_g,BaTiO3_nat005,64000,27609,1,8,28.091000,set1,original-openmp,mimalloc
addusxx_g,BaTiO3_nat005,64000,27609,1,9,27.986000,set1,original-openmp,mimalloc
addusxx_g,BaTiO3_nat005,64000,27609,1,10,28.171000,set1,original-openmp,mimalloc
addusxx_g,BaTiO3_nat005,64000,27609,1,11,27.997000,set1,original-openmp,mimalloc
addusxx_g,BaTiO3_nat005,64000,27609,1,12,27.896000,set1,original-openmp,mimalloc
addusxx_g,BaTiO3_nat005,64000,27609,1,13,28.058000,set1,original-openmp,mimalloc
addusxx_g,BaTiO3_nat005,64000,27609,1,14,28.045000,set1,original-openmp,mimalloc
addusxx_g,BaTiO3_nat005,64000,27609,1,15,27.804000,set1,original-openmp,mimalloc
addusxx_g,BaTiO3_nat005,64000,27609,1,16,28.229000,set1,original-openmp,mimalloc
addusxx_g,BaTiO3_nat005,64000,27609,1,17,28.225000,set1,original-openmp,mimalloc
addusxx_g,BaTiO3_nat005,64000,27609,1,18,27.703000,set1,original-openmp,mimalloc
addusxx_g,BaTiO3_nat005,64000,27609,1,19,28.037000,set1,original-openmp,mimalloc
addusxx_g,BaTiO3_nat005,64000,27609,2,0,14.671000,set1,original-openmp,mimalloc
addusxx_g,BaTiO3_nat005,64000,27609,2,1,14.908000,set1,original-openmp,mimalloc
addusxx_g,BaTiO3_nat005,64000,27609,2,2,15.084000,set1,original-openmp,mimalloc
addusxx_g,BaTiO3_nat005,64000,27609,2,3,15.013000,set1,original-openmp,mimalloc
addusxx_g,BaTiO3_nat005,64000,27609,2,4,14.897000,set1,original-openmp,mimalloc
addusxx_g,BaTiO3_nat005,64000,27609,2,5,14.898000,set1,original-openmp,mimalloc
addusxx_g,BaTiO3_nat005,64000,27609,2,6,14.631000,set1,original-openmp,mimalloc
addusxx_g,BaTiO3_nat005,64000,27609,2,7,14.806000,set1,original-openmp,mimalloc
addusxx_g,BaTiO3_nat005,64000,27609,2,8,14.678000,set1,original-openmp,mimalloc
addusxx_g,BaTiO3_nat005,64000,27609,2,9,15.053000,set1,original-openmp,mimalloc
addusxx_g,BaTiO3_nat005,64000,27609,2,10,14.786000,set1,original-openmp,mimalloc
addusxx_g,BaTiO3_nat005,64000,27609,2,11,14.984000,set1,original-openmp,mimalloc
addusxx_g,BaTiO3_nat005,64000,27609,2,12,14.902000,set1,original-openmp,mimalloc
addusxx_g,BaTiO3_nat005,64000,27609,2,13,14.731000,set1,original-openmp,mimalloc
addusxx_g,BaTiO3_nat005,64000,27609,2,14,14.854000,set1,original-openmp,mimalloc
addusxx_g,BaTiO3_nat005,64000,27609,2,15,14.975000,set1,original-openmp,mimalloc
addusxx_g,BaTiO3_nat005,64000,27609,2,16,14.827000,set1,original-openmp,mimalloc
addusxx_g,BaTiO3_nat005,64000,27609,2,17,15.065000,set1,original-openmp,mimalloc
addusxx_g,BaTiO3_nat005,64000,27609,2,18,14.733000,set1,original-openmp,mimalloc
addusxx_g,BaTiO3_nat005,64000,27609,2,19,14.800000,set1,original-openmp,mimalloc
addusxx_g,BaTiO3_nat005,64000,27609,4,0,8.273000,set1,original-openmp,mimalloc
addusxx_g,BaTiO3_nat005,64000,27609,4,1,8.081000,set1,original-openmp,mimalloc
addusxx_g,BaTiO3_nat005,64000,27609,4,2,8.147000,set1,original-openmp,mimalloc
addusxx_g,BaTiO3_nat005,64000,27609,4,3,8.027000,set1,original-openmp,mimalloc
addusxx_g,BaTiO3_nat005,64000,27609,4,4,8.006000,set1,original-openmp,mimalloc
addusxx_g,BaTiO3_nat005,64000,27609,4,5,7.958000,set1,original-openmp,mimalloc
addusxx_g,BaTiO3_nat005,64000,27609,4,6,7.983000,set1,original-openmp,mimalloc
addusxx_g,BaTiO3_nat005,64000,27609,4,7,8.036000,set1,original-openmp,mimalloc
addusxx_g,BaTiO3_nat005,64000,27609,4,8,8.159000,set1,original-openmp,mimalloc
addusxx_g,BaTiO3_nat005,64000,27609,4,9,8.031000,set1,original-openmp,mimalloc
addusxx_g,BaTiO3_nat005,64000,27609,4,10,8.071000,set1,original-openmp,mimalloc
addusxx_g,BaTiO3_nat005,64000,27609,4,11,8.039000,set1,original-openmp,mimalloc
addusxx_g,BaTiO3_nat005,64000,27609,4,12,7.900000,set1,original-openmp,mimalloc
addusxx_g,BaTiO3_nat005,64000,27609,4,13,8.079000,set1,original-openmp,mimalloc
addusxx_g,BaTiO3_nat005,64000,27609,4,14,7.967000,set1,original-openmp,mimalloc
addusxx_g,BaTiO3_nat005,64000,27609,4,15,7.917000,set1,original-openmp,mimalloc
addusxx_g,BaTiO3_nat005,64000,27609,4,16,8.046000,set1,original-openmp,mimalloc
addusxx_g,BaTiO3_nat005,64000,27609,4,17,7.863000,set1,original-openmp,mimalloc
addusxx_g,BaTiO3_nat005,64000,27609,4,18,7.912000,set1,original-openmp,mimalloc
addusxx_g,BaTiO3_nat005,64000,27609,4,19,8.086000,set1,original-openmp,mimalloc
addusxx_g,BaTiO3_nat005,64000,27609,8,0,4.235000,set1,original-openmp,mimalloc
addusxx_g,BaTiO3_nat005,64000,27609,8,1,4.278000,set1,original-openmp,mimalloc
addusxx_g,BaTiO3_nat005,64000,27609,8,2,4.270000,set1,original-openmp,mimalloc
addusxx_g,BaTiO3_nat005,64000,27609,8,3,4.241000,set1,original-openmp,mimalloc
addusxx_g,BaTiO3_nat005,64000,27609,8,4,4.316000,set1,original-openmp,mimalloc
addusxx_g,BaTiO3_nat005,64000,27609,8,5,4.255000,set1,original-openmp,mimalloc
addusxx_g,BaTiO3_nat005,64000,27609,8,6,4.290000,set1,original-openmp,mimalloc
addusxx_g,BaTiO3_nat005,64000,27609,8,7,4.268000,set1,original-openmp,mimalloc
addusxx_g,BaTiO3_nat005,64000,27609,8,8,4.273000,set1,original-openmp,mimalloc
addusxx_g,BaTiO3_nat005,64000,27609,8,9,4.251000,set1,original-openmp,mimalloc
addusxx_g,BaTiO3_nat005,64000,27609,8,10,4.271000,set1,original-openmp,mimalloc
addusxx_g,BaTiO3_nat005,64000,27609,8,11,4.295000,set1,original-openmp,mimalloc
addusxx_g,BaTiO3_nat005,64000,27609,8,12,4.281000,set1,original-openmp,mimalloc
addusxx_g,BaTiO3_nat005,64000,27609,8,13,4.347000,set1,original-openmp,mimalloc
addusxx_g,BaTiO3_nat005,64000,27609,8,14,4.294000,set1,original-openmp,mimalloc
addusxx_g,BaTiO3_nat005,64000,27609,8,15,4.372000,set1,original-openmp,mimalloc
addusxx_g,BaTiO3_nat005,64000,27609,8,16,4.239000,set1,original-openmp,mimalloc
addusxx_g,BaTiO3_nat005,64000,27609,8,17,4.332000,set1,original-openmp,mimalloc
addusxx_g,BaTiO3_nat005,64000,27609,8,18,4.299000,set1,original-openmp,mimalloc
addusxx_g,BaTiO3_nat005,64000,27609,8,19,4.337000,set1,original-openmp,mimalloc
addusxx_g,BaTiO3_nat005,64000,27609,16,0,2.153000,set1,original-openmp,mimalloc
addusxx_g,BaTiO3_nat005,64000,27609,16,1,2.174000,set1,original-openmp,mimalloc
addusxx_g,BaTiO3_nat005,64000,27609,16,2,2.168000,set1,original-openmp,mimalloc
addusxx_g,BaTiO3_nat005,64000,27609,16,3,2.157000,set1,original-openmp,mimalloc
addusxx_g,BaTiO3_nat005,64000,27609,16,4,2.165000,set1,original-openmp,mimalloc
addusxx_g,BaTiO3_nat005,64000,27609,16,5,2.178000,set1,original-openmp,mimalloc
addusxx_g,BaTiO3_nat005,64000,27609,16,6,2.167000,set1,original-openmp,mimalloc
addusxx_g,BaTiO3_nat005,64000,27609,16,7,2.191000,set1,original-openmp,mimalloc
addusxx_g,BaTiO3_nat005,64000,27609,16,8,2.163000,set1,original-openmp,mimalloc
addusxx_g,BaTiO3_nat005,64000,27609,16,9,2.162000,set1,original-openmp,mimalloc
addusxx_g,BaTiO3_nat005,64000,27609,16,10,2.148000,set1,original-openmp,mimalloc
addusxx_g,BaTiO3_nat005,64000,27609,16,11,2.190000,set1,original-openmp,mimalloc
addusxx_g,BaTiO3_nat005,64000,27609,16,12,2.151000,set1,original-openmp,mimalloc
addusxx_g,BaTiO3_nat005,64000,27609,16,13,2.153000,set1,original-openmp,mimalloc
addusxx_g,BaTiO3_nat005,64000,27609,16,14,2.169000,set1,original-openmp,mimalloc
addusxx_g,BaTiO3_nat005,64000,27609,16,15,2.202000,set1,original-openmp,mimalloc
addusxx_g,BaTiO3_nat005,64000,27609,16,16,2.262000,set1,original-openmp,mimalloc
addusxx_g,BaTiO3_nat005,64000,27609,16,17,2.168000,set1,original-openmp,mimalloc
addusxx_g,BaTiO3_nat005,64000,27609,16,18,2.289000,set1,original-openmp,mimalloc
addusxx_g,BaTiO3_nat005,64000,27609,16,19,2.280000,set1,original-openmp,mimalloc
addusxx_g,BaTiO3_nat005,64000,27609,32,0,1.336000,set1,original-openmp,mimalloc
addusxx_g,BaTiO3_nat005,64000,27609,32,1,1.419000,set1,original-openmp,mimalloc
addusxx_g,BaTiO3_nat005,64000,27609,32,2,1.315000,set1,original-openmp,mimalloc
addusxx_g,BaTiO3_nat005,64000,27609,32,3,1.319000,set1,original-openmp,mimalloc
addusxx_g,BaTiO3_nat005,64000,27609,32,4,1.313000,set1,original-openmp,mimalloc
addusxx_g,BaTiO3_nat005,64000,27609,32,5,1.306000,set1,original-openmp,mimalloc
addusxx_g,BaTiO3_nat005,64000,27609,32,6,1.505000,set1,original-openmp,mimalloc
addusxx_g,BaTiO3_nat005,64000,27609,32,7,1.320000,set1,original-openmp,mimalloc
addusxx_g,BaTiO3_nat005,64000,27609,32,8,1.325000,set1,original-openmp,mimalloc
addusxx_g,BaTiO3_nat005,64000,27609,32,9,1.313000,set1,original-openmp,mimalloc
addusxx_g,BaTiO3_nat005,64000,27609,32,10,1.322000,set1,original-openmp,mimalloc
addusxx_g,BaTiO3_nat005,64000,27609,32,11,1.304000,set1,original-openmp,mimalloc
addusxx_g,BaTiO3_nat005,64000,27609,32,12,1.305000,set1,original-openmp,mimalloc
addusxx_g,BaTiO3_nat005,64000,27609,32,13,1.304000,set1,original-openmp,mimalloc
addusxx_g,BaTiO3_nat005,64000,27609,32,14,1.314000,set1,original-openmp,mimalloc
addusxx_g,BaTiO3_nat005,64000,27609,32,15,1.378000,set1,original-openmp,mimalloc
addusxx_g,BaTiO3_nat005,64000,27609,32,16,1.317000,set1,original-openmp,mimalloc
addusxx_g,BaTiO3_nat005,64000,27609,32,17,1.384000,set1,original-openmp,mimalloc
addusxx_g,BaTiO3_nat005,64000,27609,32,18,1.307000,set1,original-openmp,mimalloc
addusxx_g,BaTiO3_nat005,64000,27609,32,19,1.319000,set1,original-openmp,mimalloc
addusxx_g,BaTiO3_nat005,64000,27609,64,0,0.684000,set1,original-openmp,mimalloc
addusxx_g,BaTiO3_nat005,64000,27609,64,1,0.722000,set1,original-openmp,mimalloc
addusxx_g,BaTiO3_nat005,64000,27609,64,2,0.701000,set1,original-openmp,mimalloc
addusxx_g,BaTiO3_nat005,64000,27609,64,3,0.744000,set1,original-openmp,mimalloc
addusxx_g,BaTiO3_nat005,64000,27609,64,4,0.714000,set1,original-openmp,mimalloc
addusxx_g,BaTiO3_nat005,64000,27609,64,5,0.712000,set1,original-openmp,mimalloc
addusxx_g,BaTiO3_nat005,64000,27609,64,6,0.751000,set1,original-openmp,mimalloc
addusxx_g,BaTiO3_nat005,64000,27609,64,7,0.706000,set1,original-openmp,mimalloc
addusxx_g,BaTiO3_nat005,64000,27609,64,8,0.849000,set1,original-openmp,mimalloc
addusxx_g,BaTiO3_nat005,64000,27609,64,9,0.722000,set1,original-openmp,mimalloc
addusxx_g,BaTiO3_nat005,64000,27609,64,10,0.716000,set1,original-openmp,mimalloc
addusxx_g,BaTiO3_nat005,64000,27609,64,11,0.724000,set1,original-openmp,mimalloc
addusxx_g,BaTiO3_nat005,64000,27609,64,12,0.705000,set1,original-openmp,mimalloc
addusxx_g,BaTiO3_nat005,64000,27609,64,13,0.733000,set1,original-openmp,mimalloc
addusxx_g,BaTiO3_nat005,64000,27609,64,14,0.695000,set1,original-openmp,mimalloc
addusxx_g,BaTiO3_nat005,64000,27609,64,15,0.705000,set1,original-openmp,mimalloc
addusxx_g,BaTiO3_nat005,64000,27609,64,16,0.710000,set1,original-openmp,mimalloc
addusxx_g,BaTiO3_nat005,64000,27609,64,17,0.703000,set1,original-openmp,mimalloc
addusxx_g,BaTiO3_nat005,64000,27609,64,18,0.727000,set1,original-openmp,mimalloc
addusxx_g,BaTiO3_nat005,64000,27609,64,19,0.737000,set1,original-openmp,mimalloc
addusxx_g,BaTiO3_nat005,64000,27609,72,0,0.738000,set1,original-openmp,mimalloc
addusxx_g,BaTiO3_nat005,64000,27609,72,1,0.708000,set1,original-openmp,mimalloc
addusxx_g,BaTiO3_nat005,64000,27609,72,2,0.913000,set1,original-openmp,mimalloc
addusxx_g,BaTiO3_nat005,64000,27609,72,3,0.733000,set1,original-openmp,mimalloc
addusxx_g,BaTiO3_nat005,64000,27609,72,4,0.720000,set1,original-openmp,mimalloc
addusxx_g,BaTiO3_nat005,64000,27609,72,5,0.717000,set1,original-openmp,mimalloc
addusxx_g,BaTiO3_nat005,64000,27609,72,6,0.893000,set1,original-openmp,mimalloc
addusxx_g,BaTiO3_nat005,64000,27609,72,7,0.753000,set1,original-openmp,mimalloc
addusxx_g,BaTiO3_nat005,64000,27609,72,8,0.717000,set1,original-openmp,mimalloc
addusxx_g,BaTiO3_nat005,64000,27609,72,9,0.711000,set1,original-openmp,mimalloc
addusxx_g,BaTiO3_nat005,64000,27609,72,10,1.286000,set1,original-openmp,mimalloc
addusxx_g,BaTiO3_nat005,64000,27609,72,11,0.938000,set1,original-openmp,mimalloc
addusxx_g,BaTiO3_nat005,64000,27609,72,12,0.733000,set1,original-openmp,mimalloc
addusxx_g,BaTiO3_nat005,64000,27609,72,13,0.704000,set1,original-openmp,mimalloc
addusxx_g,BaTiO3_nat005,64000,27609,72,14,0.874000,set1,original-openmp,mimalloc
addusxx_g,BaTiO3_nat005,64000,27609,72,15,0.747000,set1,original-openmp,mimalloc
addusxx_g,BaTiO3_nat005,64000,27609,72,16,0.706000,set1,original-openmp,mimalloc
addusxx_g,BaTiO3_nat005,64000,27609,72,17,0.717000,set1,original-openmp,mimalloc
addusxx_g,BaTiO3_nat005,64000,27609,72,18,0.703000,set1,original-openmp,mimalloc
addusxx_g,BaTiO3_nat005,64000,27609,72,19,0.771000,set1,original-openmp,mimalloc
